year,month,tmax,tmin,af,rain,sun,station
2016,1,8.9,4.5,0,146,25.5,aberporth
2016,2,7.8,3.5,2,85.6,64.4,aberporth
2016,3,8.7,3.5,0,64.4,129.5,aberporth
2016,4,10.2,4.9,0,52.2,143.9,aberporth
2016,5,15.2,8.8,0,56.4,190.9,aberporth
2016,6,17,11.7,0,75.8,149.9,aberporth
2016,7,18.3,12.9,0,50.4,140.4,aberporth
2016,8,18.9,13.2,0,41.4,150.4,aberporth
2016,9,17.9,12.2,0,98.8,103.4,aberporth
2016,10,14.1,8.6,0,40.2,135.4,aberporth
2016,11,9.4,5.4,1,76.6,73.7,aberporth
2016,12,10,5.4,1,54.2,46.5,aberporth
2017,1,7.9,3.9,2,55.2,60.5,aberporth
2017,2,8.8,4.6,1,75.4,51.5,aberporth
2017,3,11.1,5.5,0,110.8,96.2,aberporth
2017,4,11.5,6.6,0,16.6,158.6,aberporth
2017,5,16.2,9.4,0,32.4,224.3,aberporth
2017,6,17.8,11.8,0,105.4,171.6,aberporth
2017,7,18.3,12.6,0,85.6,165.2,aberporth
2017,8,17.6,12,0,99,142.7,aberporth
2017,9,15.9,11,0,145,90.2,aberporth
2017,10,14.6,10.5,0,29.8,57.8,aberporth
2017,11,10.7,6.6,0,130.2,38.8,aberporth
2017,12,8.6,4.9,1,123,32.4,aberporth
2018,1,8.4,3.8,0,117.2,53.5,aberporth
2018,2,6.3,1.3,10,48.6,91.3,aberporth
2018,3,7.7,2.3,6,97,100.6,aberporth
2018,4,12.1,6.4,0,70.6,152.2,aberporth
2018,5,15.3,8.1,0,33.4,219.4,aberporth
2018,6,19.1,12.4,0,10.2,270.2,aberporth
2018,7,20.3,13.4,0,58.6,244.8,aberporth
2018,8,18.5,12.6,0,63.8,128.5,aberporth
2018,9,16,10.8,0,94,132.5,aberporth
2018,10,13.5,8.5,0,131.6,107.7,aberporth
2018,11,10.9,6.3,0,154,81.8,aberporth
2018,12,9.9,6.3,0,125.2,11.3,aberporth
2019,1,7.3,3.8,3,53.8,31.9,aberporth
2019,2,11,5,1,52.8,110.5,aberporth
2019,3,10.1,5.1,0,83,121.4,aberporth
2019,4,13.3,6.4,0,74.4,145.8,aberporth
2019,5,14.2,7.9,0,15,224.1,aberporth
2019,6,16.3,10.6,0,138.2,165.6,aberporth
2019,7,19.2,13.2,0,21.6,208.9,aberporth
2019,8,19.4,13.4,0,69.4,192.4,aberporth
2019,9,17.2,11.8,0,103,159.7,aberporth
2019,10,13.1,8.4,0,138.2,78,aberporth
2019,11,9.3,5.5,0,155.2,45.4,aberporth
2019,12,9.1,4.6,1,126.6,41.8,aberporth
2020,1,8.9,4.7,0,102.8,45.4,aberporth
2020,2,9,4.4,0,150.8,64.6,aberporth
2020,3,9.9,4,0,50.4,168.2,aberporth
2020,4,14.8,7,0,23.8,225.9,aberporth
2020,5,16.8,8.6,0,7.4,306,aberporth
2020,6,17,11.2,0,111.8,145.9,aberporth
2016,1,8.4,3,5,131.9,44.5,armagh
2016,2,8.2,1.1,10,62.6,71.3,armagh
2016,3,10.7,3,4,43.8,117.3,armagh
2016,4,11.3,2.8,5,54,139.7,armagh
2016,5,17.1,7,0,41.4,209.6,armagh
2016,6,19.3,11,0,75.1,113.6,armagh
2016,7,19.5,11.8,0,80.6,113.1,armagh
2016,8,19.6,12.1,0,52.5,134.6,armagh
2016,9,18.2,11.3,0,65.4,91.1,armagh
2016,10,14.2,7.1,0,37.1,89.8,armagh
2016,11,8.8,2.3,8,40.8,75.5,armagh
2016,12,10,4.1,1,51.4,50.5,armagh
2017,1,8.4,2.7,10,27.3,52,armagh
2017,2,9.2,2.8,7,47.9,43.2,armagh
2017,3,12.2,4.2,3,71,116,armagh
2017,4,12.9,5.4,1,8.7,96.3,armagh
2017,5,18.5,7.9,0,35.6,250.2,armagh
2017,6,18.7,11,0,77.5,97.5,armagh
2017,7,19.8,11.2,0,82.5,153,armagh
2017,8,19.1,11,0,77.7,130.5,armagh
2017,9,16.7,9.4,0,91.8,115.7,armagh
2017,10,14.8,8.5,0,66.5,58.8,armagh
2017,11,9.6,3.7,1,63,65.3,armagh
2017,12,7.8,2.7,9,78.4,31.8,armagh
2018,1,7.2,1.8,6,127.1,51.1,armagh
2018,2,7.1,0.2,11,61.6,96.6,armagh
2018,3,8.2,1.4,9,66.3,79.4,armagh
2018,4,12.8,5,2,75.6,129.2,armagh
2018,5,17.9,7.9,0,32.8,202.5,armagh
2018,6,21.9,10.4,0,49.5,189.5,armagh
2018,7,21.6,12.2,0,58.4,178.9,armagh
2018,8,19.1,11.7,0,80.4,118.8,armagh
2018,9,16.5,8.7,0,31.5,105.7,armagh
2018,10,NA,6.5,3,32.8,94.5,armagh
2018,11,NA,5,3,109.5,66.8,armagh
2018,12,NA,4.8,2,85.7,23.5,armagh
2019,1,NA,NA,NA,24.6,NA,armagh
2019,2,11,3.9,2,50,NA,armagh
2019,3,10.9,4.2,1,NA,NA,armagh
2019,4,13.5,5.2,1,54.2,NA,armagh
2019,5,15.5,6.3,0,41.8,NA,armagh
2019,6,18,9.5,0,104.8,NA,armagh
2019,7,20.9,12.8,0,55.8,NA,armagh
2019,8,20.1,12.1,0,125.2,NA,armagh
2019,9,17.9,9.9,0,79.6,NA,armagh
2019,10,13,5.7,2,69.4,NA,armagh
2019,11,9.1,3.1,6,84.8,NA,armagh
2019,12,8.4,3.5,2,74.4,NA,armagh
2020,1,8.8,3.2,3,42.2,NA,armagh
2020,2,8.5,2.5,1,144.2,NA,armagh
2020,3,10.4,2.5,4,45,NA,armagh
2020,4,15.6,4.9,1,17.4,NA,armagh
2020,5,17.6,7,2,18.2,NA,armagh
2020,6,18.7,10.5,0,69.8,NA,armagh
2016,1,7.4,3,5,229,NA,ballypatrick
2016,2,6.5,1.6,4,115.6,NA,ballypatrick
2016,3,8.8,3.2,0,67.8,NA,ballypatrick
2016,4,8.7,2.9,3,91.4,NA,ballypatrick
2016,5,14.4,6.5,0,48.4,NA,ballypatrick
2016,6,16.5,10,0,71,NA,ballypatrick
2016,7,16.6,10.6,0,105.8,NA,ballypatrick
2016,8,17.3,11.3,0,71.9,NA,ballypatrick
2016,9,16.9,10.5,0,72.8,NA,ballypatrick
2016,10,12.5,7.9,0,60.2,NA,ballypatrick
2016,11,8,3.1,7,108.8,NA,ballypatrick
2016,12,9.4,4.8,0,80,NA,ballypatrick
2017,1,7.6,3.3,4,86.8,NA,ballypatrick
2017,2,7.8,2.9,4,90.4,NA,ballypatrick
2017,3,10.3,3.8,3,122,NA,ballypatrick
2017,4,10.5,5.1,0,38.6,NA,ballypatrick
2017,5,15.7,7.4,0,63.4,NA,ballypatrick
2017,6,16.4,10.1,0,96.2,NA,ballypatrick
2017,7,16.8,10.2,0,175.2,NA,ballypatrick
2017,8,16.7,10.5,0,101.8,NA,ballypatrick
2017,9,14.8,9.2,0,178.6,NA,ballypatrick
2017,10,13.4,8.3,0,115,NA,ballypatrick
2017,11,8.2,4.1,1,148,NA,ballypatrick
2017,12,7.3,3.3,4,140.8,NA,ballypatrick
2018,1,6.4,1.9,6,198.2,NA,ballypatrick
2018,2,5.5,0.8,9,80.6,NA,ballypatrick
2018,3,6.3,1.3,7,110.6,NA,ballypatrick
2018,4,10.6,4.5,3,73.6,NA,ballypatrick
2018,5,16,7.3,0,53.8,NA,ballypatrick
2018,6,18,9.3,0,49,NA,ballypatrick
2018,7,17.9,11.3,0,78.6,NA,ballypatrick
2018,8,16.5,10.6,0,125.6,NA,ballypatrick
2018,9,14.5,8.5,0,80,NA,ballypatrick
2018,10,11.9,6.7,1,95.4,NA,ballypatrick
2018,11,9.8,5.5,0,149.8,NA,ballypatrick
2018,12,8.7,4.5,0,150.8,NA,ballypatrick
2019,1,6.6,3,6,67.6,NA,ballypatrick
2019,2,10.1,4,3,58.8,NA,ballypatrick
2019,3,9.4,3.5,0,157.4,NA,ballypatrick
2019,4,11.3,5.4,1,84.6,NA,ballypatrick
2019,5,12.5,5.6,1,58,NA,ballypatrick
2019,6,15.8,8.9,0,100.6,NA,ballypatrick
2019,7,17.4,12,0,122,NA,ballypatrick
2019,8,17.7,11.5,0,184.4,NA,ballypatrick
2019,9,15.3,9.7,0,83.8,NA,ballypatrick
2019,10,11.2,6.3,0,116.4,NA,ballypatrick
2019,11,8,3.8,5,174.4,NA,ballypatrick
2019,12,7.9,3.4,1,132,NA,ballypatrick
2020,1,8.1,3.3,1,71.8,NA,ballypatrick
2020,2,7,1.7,1,246.4,NA,ballypatrick
2020,3,8.2,2.6,2,58.4,NA,ballypatrick
2020,4,12.1,4.5,2,29.6,NA,ballypatrick
2020,5,14,6.9,1,37.2,NA,ballypatrick
2020,6,15.8,9.3,0,95.2,NA,ballypatrick
2016,1,7.5,2.3,10,137.8,NA,bradford
2016,2,7.4,1.3,9,72.8,NA,bradford
2016,3,8.8,2.4,5,90.2,NA,bradford
2016,4,10.9,2.9,3,67.6,NA,bradford
2016,5,16.3,7.4,0,44.8,NA,bradford
2016,6,18.3,10.7,0,105.6,NA,bradford
2016,7,19.9,12.7,0,34.2,NA,bradford
2016,8,19.7,12.4,0,60.2,NA,bradford
2016,9,19.4,12,0,53.6,NA,bradford
2016,10,13.6,7.4,0,30.4,NA,bradford
2016,11,7.8,2.4,8,95,NA,bradford
2016,12,9.2,3.6,5,37.2,NA,bradford
2017,1,6.6,1.8,11,36,NA,bradford
2017,2,8,3.2,2,57.8,NA,bradford
2017,3,11.5,4.9,1,80,NA,bradford
2017,4,12.7,4.8,1,20.4,NA,bradford
2017,5,17.1,8.3,0,40.6,NA,bradford
2017,6,18.9,11.7,0,105.2,NA,bradford
2017,7,19.9,11.8,0,74.2,NA,bradford
2017,8,19,11.3,0,59.8,NA,bradford
2017,9,16.6,9.5,0,96.6,NA,bradford
2017,10,14.8,9.2,1,72.2,NA,bradford
2017,11,9.5,3.4,6,40.4,NA,bradford
2017,12,7,1.9,11,52.8,NA,bradford
2018,1,6.9,2.4,6,107.8,NA,bradford
2018,2,5.2,0.1,12,46,NA,bradford
2018,3,7,0.9,13,84.8,NA,bradford
2018,4,12.6,5.5,0,82.6,NA,bradford
2018,5,18.6,7.8,0,23.4,NA,bradford
2018,6,20.6,10.8,0,6,NA,bradford
2018,7,24.3,12.6,0,57.8,NA,bradford
2018,8,20.2,12.3,0,43.2,NA,bradford
2018,9,16.9,9.2,0,63,NA,bradford
2018,10,13.9,6.4,1,34.8,NA,bradford
2018,11,10.1,4.9,1,65.2,NA,bradford
2018,12,8.6,3.5,7,87.2,NA,bradford
2019,1,6.1,1.8,11,22.6,NA,bradford
2019,2,11.1,2.8,4,31,NA,bradford
2019,3,10.6,4.1,1,128.6,NA,bradford
2019,4,13.5,4,5,24.6,NA,bradford
2019,5,15.2,6.8,0,44.4,NA,bradford
2019,6,17.6,10,0,97.8,NA,bradford
2019,7,21.7,13.1,0,97.4,NA,bradford
2019,8,20.4,13,0,82.8,NA,bradford
2019,9,17.1,9.7,0,132.4,NA,bradford
2019,10,12,6.2,1,155.4,NA,bradford
2019,11,7.6,3.4,5,140.6,NA,bradford
2019,12,8,2.9,4,73.8,NA,bradford
2020,1,8.8,3.9,2,63.6,NA,bradford
2020,2,8.5,2.5,1,266.8,NA,bradford
2020,3,10.3,2.4,5,66,NA,bradford
2020,4,14.8,5.2,1,12.6,NA,bradford
2020,5,NA,NA,NA,NA,NA,bradford
2020,6,NA,NA,NA,NA,NA,bradford
2016,1,4.5,-0.7,19,238.8,NA,braemar
2016,2,4.4,-2.8,19,63.2,NA,braemar
2016,3,8.5,-0.7,17,56,NA,braemar
2016,4,8,0.3,13,58.8,NA,braemar
2016,5,14.7,3.7,2,32.2,NA,braemar
2016,6,16.6,7.4,0,110.1,NA,braemar
2016,7,17.3,9,0,67.2,NA,braemar
2016,8,17.7,8.2,0,50.6,NA,braemar
2016,9,16.6,8.7,0,70.6,NA,braemar
2016,10,11.4,2.4,9,60,NA,braemar
2016,11,5.6,-2.5,18,75.2,NA,braemar
2016,12,8.2,1.5,11,74,NA,braemar
2017,1,6.1,-1.4,20,51.8,NA,braemar
2017,2,6.1,-0.1,16,74.6,NA,braemar
2017,3,9.1,-0.2,17,55.4,NA,braemar
2017,4,10.2,1.9,8,31.5,NA,braemar
2017,5,16,3.4,11,36.8,NA,braemar
2017,6,15.7,8.2,1,68,NA,braemar
2017,7,17,8.3,0,47.2,NA,braemar
2017,8,16.9,8.1,0,52.2,NA,braemar
2017,9,14.1,6.8,2,89.2,NA,braemar
2017,10,12.8,5.8,3,59.6,NA,braemar
2017,11,6,0,10,72,NA,braemar
2017,12,5.2,-1.6,20,34,NA,braemar
2018,1,3.9,-1.8,19,64,NA,braemar
2018,2,3.3,-2.5,24,43,NA,braemar
2018,3,4,-2.2,24,75.4,NA,braemar
2018,4,10,1.4,14,46,NA,braemar
2018,5,16.9,4,5,34.4,NA,braemar
2018,6,19.6,7.8,0,49.4,NA,braemar
2018,7,20.9,9.8,0,63.8,NA,braemar
2018,8,17,7.9,1,56.4,NA,braemar
2018,9,14,6,3,83.2,NA,braemar
2018,10,11.4,3,10,84,NA,braemar
2018,11,8.2,1.2,9,166.6,NA,braemar
2018,12,6.2,-0.3,13,64.2,NA,braemar
2019,1,4.4,-3.6,22,50,NA,braemar
2019,2,8.6,-0.4,14,46.8,NA,braemar
2019,3,7.6,1.5,9,118.6,NA,braemar
2019,4,11.4,1,9,53.8,NA,braemar
2019,5,12.5,2.8,5,125.5,NA,braemar
2019,6,15.4,6.2,0,74.4,NA,braemar
2019,7,19.6,10.6,0,70,NA,braemar
2019,8,17.8,9.1,0,100.2,NA,braemar
2019,9,15.3,6.2,2,54.2,NA,braemar
2019,10,9.8,2,12,64.2,NA,braemar
2019,11,5.3,-0.8,15,122.4,NA,braemar
2019,12,6.3,0.4,13,93.4,NA,braemar
2020,1,7.1,1.3,9,74.8,NA,braemar
2020,2,4.9,-1.7,18,164.2,NA,braemar
2020,3,7,0,13,28,NA,braemar
2020,4,12.2,-0.4,16,19.4,NA,braemar
2020,5,14.9,3.7,7,42.6,NA,braemar
2020,6,16.9,7.9,1,81.6,NA,braemar
2016,1,10.4,6,0,221.6,48,camborne
2016,2,9.1,4.9,0,161.6,64.1,camborne
2016,3,9.6,4.6,0,88.4,139.9,camborne
2016,4,11,6.1,0,81.4,183.8,camborne
2016,5,14.9,9.2,0,45.6,206.1,camborne
2016,6,17,12.1,0,65.8,131.8,camborne
2016,7,18.9,13.4,0,23.2,160.9,camborne
2016,8,19.4,13.9,0,57.4,171.1,camborne
2016,9,18.1,13.3,0,153.7,102.8,camborne
2016,10,14.9,9.5,0,53.2,124.9,camborne
2016,11,11.1,6.4,0,137,56.5,camborne
2016,12,11.3,7.2,0,58.4,47.3,camborne
2017,1,9.2,5.3,0,57.8,59.2,camborne
2017,2,10.1,5.8,2,100.6,56.9,camborne
2017,3,11.5,7.2,0,89.2,80.3,camborne
2017,4,12.6,6.5,0,24.8,216.2,camborne
2017,5,15.5,9.8,0,46.8,169,camborne
2017,6,18,12.3,0,102,175.3,camborne
2017,7,18.7,13.6,0,104.6,135.9,camborne
2017,8,18.1,12.8,0,70.4,163.2,camborne
2017,9,16.2,11.8,0,130.6,119,camborne
2017,10,15.2,11.4,0,57.6,68.7,camborne
2017,11,11.6,7.6,0,66.4,61.4,camborne
2017,12,10.2,6.1,0,154.2,34.5,camborne
2018,1,10.2,5.7,0,176.2,56.7,camborne
2018,2,7.3,2.7,4,85,106,camborne
2018,3,8.8,3.6,5,153.6,114.2,camborne
2018,4,12.8,7.1,0,85,146.7,camborne
2018,5,15.5,8.9,0,50.4,183.7,camborne
2018,6,19.7,12.9,0,8.8,215.1,camborne
2018,7,21.5,14.3,0,47.6,226.7,camborne
2018,8,19.5,14,0,54,119.8,camborne
2018,9,17.8,12,0,59,138.5,camborne
2018,10,14.4,9.3,0,99.8,120.8,camborne
2018,11,12,7.5,1,212,73.9,camborne
2018,12,11.4,7.9,0,165.6,20.5,camborne
2019,1,8.8,5.5,0,78.8,25.4,camborne
2019,2,11.3,6.1,1,72,118.5,camborne
2019,3,11.2,6.3,0,101.8,150.6,camborne
2019,4,13.2,7.4,0,81.8,159.3,camborne
2019,5,14.4,8.9,0,18.6,219.5,camborne
2019,6,16.5,11.4,0,84.4,162.8,camborne
2019,7,20.1,13.7,0,54.2,225.6,camborne
2019,8,19.3,14,0,95.8,161.1,camborne
2019,9,17.4,12.7,0,122.2,140.7,camborne
2019,10,14.4,10,0,196.2,85.6,camborne
2019,11,10.8,7.2,0,219.6,34.7,camborne
2019,12,10.6,6,0,133,38.2,camborne
2020,1,10,5.6,0,96.6,58.7,camborne
2020,2,10.3,6,0,176,63.4,camborne
2020,3,10.6,5.1,0,75.8,149.7,camborne
2020,4,14.6,7.7,0,40,200.7,camborne
2020,5,16.4,8.9,0,28.8,287.2,camborne
2020,6,17.2,11.7,0,117,112.1,camborne
2016,1,8.7,2.6,4,49.8,NA,cambridge
2016,2,8.8,1.9,11,24.6,NA,cambridge
2016,3,10,1.9,8,50.4,NA,cambridge
2016,4,12.4,3.6,3,58.8,NA,cambridge
2016,5,17.7,7.8,0,39.4,NA,cambridge
2016,6,19.7,11.4,0,66.4,NA,cambridge
2016,7,23.2,13.1,0,18.2,NA,cambridge
2016,8,23.9,12.7,0,44,NA,cambridge
2016,9,21.8,12.6,0,45.2,NA,cambridge
2016,10,15,7.2,0,19.6,NA,cambridge
2016,11,9.6,2.4,6,56.8,NA,cambridge
2016,12,9.4,2.4,9,25.4,NA,cambridge
2017,1,6.7,0.5,15,48,NA,cambridge
2017,2,9.3,3.8,1,43.4,NA,cambridge
2017,3,13.4,5.2,1,29.8,NA,cambridge
2017,4,14.5,4.8,2,12.8,NA,cambridge
2017,5,18.6,8.8,0,64.8,NA,cambridge
2017,6,21.9,12.6,0,59,NA,cambridge
2017,7,22.1,13.2,0,94.8,NA,cambridge
2017,8,21.5,11.9,0,64.2,NA,cambridge
2017,9,18.3,9.8,0,58.6,NA,cambridge
2017,10,16.3,9.1,0,22.4,NA,cambridge
2017,11,10.2,3.6,4,36.6,NA,cambridge
2017,12,7.5,1.9,11,70.8,NA,cambridge
2018,1,8.5,2.4,7,47.4,NA,cambridge
2018,2,5.9,-0.3,17,32,NA,cambridge
2018,3,8.7,1.9,6,64.2,NA,cambridge
2018,4,14.2,6.6,0,64.6,NA,cambridge
2018,5,19.1,7.6,0,43.8,NA,cambridge
2018,6,22,10.7,0,0.8,NA,cambridge
2018,7,26.7,13.6,0,12.4,NA,cambridge
2018,8,23.1,13.1,0,62.8,NA,cambridge
2018,9,19.9,9.5,0,23.6,NA,cambridge
2018,10,15.8,7.1,2,61.4,NA,cambridge
2018,11,11.4,5.2,1,29.6,NA,cambridge
2018,12,9.8,4.2,2,55.2,NA,cambridge
2019,1,6.7,1,13,21.2,NA,cambridge
2019,2,11.6,1.7,11,27.2,NA,cambridge
2019,3,12.2,4.5,1,37.4,NA,cambridge
2019,4,15,2.8,7,10.8,NA,cambridge
2019,5,17.1,6.6,0,41.4,NA,cambridge
2019,6,20.1,10.8,0,79.2,NA,cambridge
2019,7,24.1,13.4,0,NA,NA,cambridge
2019,8,24.2,12.7,0,35.8,NA,cambridge
2019,9,20.2,10.2,0,70.6,NA,cambridge
2019,10,14.3,6.9,1,78,NA,cambridge
2019,11,9.3,3.6,5,57,NA,cambridge
2019,12,9,3,6,75.4,NA,cambridge
2020,1,9.1,3.9,4,49.8,NA,cambridge
2020,2,10.2,3.2,4,66,NA,cambridge
2020,3,11.1,2.5,4,18.8,NA,cambridge
2020,4,16.8,4.6,1,29.8,NA,cambridge
2020,5,19.4,6.7,2,1.6,NA,cambridge
2020,6,21.2,10.6,0,51,NA,cambridge
2016,1,9.6,2.9,7,221,NA,cardiff
2016,2,9.4,2.2,10,129.2,NA,cardiff
2016,3,10.7,2.5,7,96,NA,cardiff
2016,4,13.2,4.7,2,46.6,NA,cardiff
2016,5,18.5,9,0,109.6,NA,cardiff
2016,6,19.9,12.7,0,109.8,NA,cardiff
2016,7,21.3,13.4,0,25.2,NA,cardiff
2016,8,21.6,13.2,0,95.2,NA,cardiff
2016,9,20.1,13,0,109,NA,cardiff
2016,10,15,7.8,0,41.8,NA,cardiff
2016,11,10.3,3.5,4,152.2,NA,cardiff
2016,12,9.6,3,7,56.2,NA,cardiff
2017,1,8.3,2,11,76,NA,cardiff
2017,2,9.4,4.2,4,81,NA,cardiff
2017,3,12.6,5.7,1,114.6,NA,cardiff
2017,4,15,4.9,2,14.2,NA,cardiff
2017,5,18.5,9.9,0,76.2,NA,cardiff
2017,6,20.9,12.6,0,84.8,NA,cardiff
2017,7,21.4,13.1,0,116.8,NA,cardiff
2017,8,20.5,12.2,0,69.4,NA,cardiff
2017,9,18.3,10.2,0,102.8,NA,cardiff
2017,10,16.4,10.1,0,49.6,NA,cardiff
2017,11,11.8,3.5,5,82.2,NA,cardiff
2017,12,9.3,2.8,11,152.9,NA,cardiff
2018,1,9.4,2.7,9,153.2,NA,cardiff
2018,2,7.5,0.8,14,50,NA,cardiff
2018,3,9.1,2.5,6,163.4,NA,cardiff
2018,4,14,7.2,0,129.4,NA,cardiff
2018,5,19,8.8,0,56.2,NA,cardiff
2018,6,22.6,12.7,0,8.4,NA,cardiff
2018,7,25.4,14.7,0,46,NA,cardiff
2018,8,21.4,13.1,0,129.8,NA,cardiff
2018,9,18.7,10.1,0,89.8,NA,cardiff
2018,10,15.6,6.9,3,48,NA,cardiff
2018,11,11.9,5.9,1,121,NA,cardiff
2018,12,10.6,5.5,1,196.4,NA,cardiff
2019,1,8.1,1.8,14,43.4,NA,cardiff
2019,2,12.2,2.4,8,77.4,NA,cardiff
2019,3,12.7,5.2,0,139.6,NA,cardiff
2019,4,15,6.3,1,NA,NA,cardiff
2019,5,17.6,7.2,0,37,NA,cardiff
2019,6,19.2,11.5,0,84.6,NA,cardiff
2019,7,23.7,13.9,0,83.6,NA,cardiff
2019,8,21.9,13.7,0,137.4,NA,cardiff
2019,9,19.5,11.3,0,159.8,NA,cardiff
2019,10,14.9,7.5,0,235.8,NA,cardiff
2019,11,10.3,4.7,2,158.2,NA,cardiff
2019,12,NA,NA,NA,NA,NA,cardiff
2020,1,NA,NA,NA,NA,NA,cardiff
2020,2,10.6,4.3,2,201.4,NA,cardiff
2020,3,11.7,3.9,2,104,NA,cardiff
2020,4,17.5,6.6,1,42,NA,cardiff
2020,5,19.4,8.2,0,15.4,NA,cardiff
2020,6,20.6,11.9,0,147.4,NA,cardiff
2016,1,10.3,5,2,139,NA,chivenor
2016,2,9.3,3.4,5,83.2,NA,chivenor
2016,3,10.7,3,3,78.8,NA,chivenor
2016,4,12.6,5,2,38.6,NA,chivenor
2016,5,17.9,8.9,0,43,NA,chivenor
2016,6,18.9,12.7,0,103.2,NA,chivenor
2016,7,20.2,13.9,0,27.6,NA,chivenor
2016,8,20.9,13.8,0,62,NA,chivenor
2016,9,19.7,13.4,0,79,NA,chivenor
2016,10,15.2,8,0,32,NA,chivenor
2016,11,10.9,5.1,3,143.4,NA,chivenor
2016,12,10.6,4.8,3,45.8,NA,chivenor
2017,1,9,3.7,5,91.4,NA,chivenor
2017,2,10.3,5.2,0,54,NA,chivenor
2017,3,12.6,6.6,1,92.4,NA,chivenor
2017,4,13.6,5.7,1,25.2,NA,chivenor
2017,5,17.7,9.8,0,35.2,NA,chivenor
2017,6,20.2,12.7,0,60.2,NA,chivenor
2017,7,20.2,13.8,0,130.4,NA,chivenor
2017,8,19.6,12.9,0,86.2,NA,chivenor
2017,9,17.7,11.3,0,114.2,NA,chivenor
2017,10,16.2,11.4,0,50.2,NA,chivenor
2017,11,12.3,5.9,0,81.4,NA,chivenor
2017,12,10.2,4.9,0,116,NA,chivenor
2018,1,9.8,4.1,4,94.4,NA,chivenor
2018,2,7.5,1.9,8,39,NA,chivenor
2018,3,9.3,3,7,113.4,NA,chivenor
2018,4,14.2,7,0,67.8,NA,chivenor
2018,5,17.7,8.9,0,36.6,NA,chivenor
2018,6,22.5,12.7,0,3.8,NA,chivenor
2018,7,23.4,14,0,33.4,NA,chivenor
2018,8,20.4,14,0,88,NA,chivenor
2018,9,18.5,11.1,0,83.6,NA,chivenor
2018,10,15.3,8.3,2,63.4,NA,chivenor
2018,11,12.3,6.6,1,96.2,NA,chivenor
2018,12,11.5,6.5,0,109.8,NA,chivenor
2019,1,8.6,3.8,5,50.6,NA,chivenor
2019,2,12.4,4.2,2,60.6,NA,chivenor
2019,3,11.8,5.8,0,78.6,NA,chivenor
2019,4,14.8,6,0,75,NA,chivenor
2019,5,16.3,7.8,0,22.2,NA,chivenor
2019,6,18.6,11.7,0,102.4,NA,chivenor
2019,7,22.3,13.6,0,39.8,NA,chivenor
2019,8,21,14.1,0,88.8,NA,chivenor
2019,9,18.9,12.4,0,151.8,NA,chivenor
2019,10,15,9.2,0,167,NA,chivenor
2019,11,10.9,6,0,142.2,NA,chivenor
2019,12,10.3,4.2,3,129.2,NA,chivenor
2020,1,10.3,4.9,5,89.6,NA,chivenor
2020,2,10.5,5.2,0,145.8,NA,chivenor
2020,3,11.3,4.4,1,70.8,NA,chivenor
2020,4,17.2,6.7,0,32.6,NA,chivenor
2020,5,18.7,8,0,7.8,NA,chivenor
2020,6,19.4,11.5,0,117.4,NA,chivenor
2016,1,7.6,3.3,2,NA,NA,dunstaffnage
2016,2,7.3,1.6,8,185.6,NA,dunstaffnage
2016,3,9.8,3,4,107.6,NA,dunstaffnage
2016,4,10.8,3.5,2,93.2,NA,dunstaffnage
2016,5,16.5,7.2,1,97.8,NA,dunstaffnage
2016,6,18.7,10.7,0,64.8,NA,dunstaffnage
2016,7,17.2,11.5,0,155.2,NA,dunstaffnage
2016,8,18.6,11.9,0,164,NA,dunstaffnage
2016,9,17.2,11.4,0,229.8,NA,dunstaffnage
2016,10,14,7.5,0,66.2,NA,dunstaffnage
2016,11,8.5,2.7,9,128.2,NA,dunstaffnage
2016,12,10.3,5.6,1,179,NA,dunstaffnage
2017,1,8.2,3.5,2,111.4,NA,dunstaffnage
2017,2,8.4,3.8,3,168,NA,dunstaffnage
2017,3,10.8,4.2,4,146.4,NA,dunstaffnage
2017,4,11.2,5.8,0,67.8,NA,dunstaffnage
2017,5,17.1,7.8,0,45.2,NA,dunstaffnage
2017,6,16.1,10.5,0,138.4,NA,dunstaffnage
2017,7,18.2,10.8,0,122.4,NA,dunstaffnage
2017,8,18.1,11.4,0,150.4,NA,dunstaffnage
2017,9,16.4,10.2,0,157.6,NA,dunstaffnage
2017,10,14,8.9,0,234.6,NA,dunstaffnage
2017,11,9.2,4.1,1,146.2,NA,dunstaffnage
2017,12,7.9,2.6,6,172.4,NA,dunstaffnage
2018,1,7,2,8,213.8,NA,dunstaffnage
2018,2,6.6,1,9,144,NA,dunstaffnage
2018,3,7.4,1.6,7,93.4,NA,dunstaffnage
2018,4,12,5.4,1,93,NA,dunstaffnage
2018,5,17,8,0,73,NA,dunstaffnage
2018,6,20.1,10.2,0,72.2,NA,dunstaffnage
2018,7,20.4,11.8,0,87.7,NA,dunstaffnage
2018,8,17.4,11.2,0,139,NA,dunstaffnage
2018,9,15,9,0,227.8,NA,dunstaffnage
2018,10,12.8,7,1,250,NA,dunstaffnage
2018,11,11.2,5.6,2,154,NA,dunstaffnage
2018,12,8.9,4.3,0,154.2,NA,dunstaffnage
2019,1,7.3,2.9,6,116.2,NA,dunstaffnage
2019,2,10.3,3.8,5,133,NA,dunstaffnage
2019,3,9.3,4.6,2,186.6,NA,dunstaffnage
2019,4,13.8,6.2,1,18.6,NA,dunstaffnage
2019,5,14.5,6.6,0,100,NA,dunstaffnage
2019,6,17.4,9.9,0,94,NA,dunstaffnage
2019,7,19.5,12.8,0,168.8,NA,dunstaffnage
2019,8,19.5,12.3,0,246.8,NA,dunstaffnage
2019,9,17.1,10.2,0,153.8,NA,dunstaffnage
2019,10,12.5,6.5,1,190.8,NA,dunstaffnage
2019,11,9.1,3.6,7,36.4,NA,dunstaffnage
2019,12,8.9,4.1,2,281.2,NA,dunstaffnage
2020,1,8.9,4.3,2,327.6,NA,dunstaffnage
2020,2,8,2.8,1,255.4,NA,dunstaffnage
2020,3,9.1,3.1,3,206.8,NA,dunstaffnage
2020,4,13.6,4.9,1,31.6,NA,dunstaffnage
2020,5,15.5,6.7,1,83,NA,dunstaffnage
2020,6,18.5,10.5,0,88.4,NA,dunstaffnage
2016,1,7.2,2.2,10,116.6,NA,durham
2016,2,7.9,0.8,13,30.2,NA,durham
2016,3,9.7,2.3,5,52.4,NA,durham
2016,4,10.9,2.9,2,83.2,NA,durham
2016,5,15.5,7,0,39,NA,durham
2016,6,17.7,9.4,0,49.8,NA,durham
2016,7,20.2,12.1,0,34.6,NA,durham
2016,8,20.2,12,0,69.8,NA,durham
2016,9,19.2,11.3,0,35.6,NA,durham
2016,10,13.8,6.8,0,52.2,NA,durham
2016,11,8.2,1.7,8,86,NA,durham
2016,12,9,3.1,5,46.4,NA,durham
2017,1,6.5,0.7,16,33.2,NA,durham
2017,2,NA,NA,NA,57,NA,durham
2017,3,11.7,4.1,3,42.4,NA,durham
2017,4,13.6,4.3,3,29,NA,durham
2017,5,17.3,8,0,19.8,NA,durham
2017,6,19,11.1,0,103.4,NA,durham
2017,7,19.2,11.1,0,71.2,NA,durham
2017,8,19.1,10.9,0,49,NA,durham
2017,9,16.8,9.3,0,89.4,NA,durham
2017,10,15.3,8.9,0,29,NA,durham
2017,11,9.5,2.9,3,85.6,NA,durham
2017,12,7.4,1.4,14,25.4,NA,durham
2018,1,6.7,1.6,8,55,NA,durham
2018,2,5.5,-0.2,18,51,NA,durham
2018,3,7.3,0.9,12,76.4,NA,durham
2018,4,NA,NA,NA,75,NA,durham
2018,5,NA,NA,NA,NA,NA,durham
2018,6,19.9,9.6,0,31.2,NA,durham
2018,7,NA,NA,NA,48.2,NA,durham
2018,8,20.2,12.1,0,49.8,NA,durham
2018,9,17.6,9.1,0,46.8,NA,durham
2018,10,14.2,5.9,2,53.4,NA,durham
2018,11,10.2,5,1,56.4,NA,durham
2018,12,8.6,2.5,5,43.8,NA,durham
2019,1,7.2,1.2,13,12,NA,durham
2019,2,10.6,2.2,6,30.6,NA,durham
2019,3,11.1,3.8,1,52.8,NA,durham
2019,4,12.9,3.5,4,30.2,NA,durham
2019,5,15.3,6,1,37.2,NA,durham
2019,6,17.5,9.4,0,108.4,NA,durham
2019,7,21.6,12.8,0,70.2,NA,durham
2019,8,20.4,12.5,0,81.2,NA,durham
2019,9,17.6,9.1,0,84.2,NA,durham
2019,10,12,5.8,0,88.4,NA,durham
2019,11,8.1,3.2,7,106.6,NA,durham
2019,12,8,2.8,7,29,NA,durham
2020,1,9.2,3.1,2,33,NA,durham
2020,2,8.4,2.3,3,87.2,NA,durham
2020,3,10.6,2.1,7,14.4,NA,durham
2020,4,14.4,4.4,1,3.8,NA,durham
2020,5,17.4,6.9,1,18,NA,durham
2020,6,18.2,10.1,0,82.6,NA,durham
2016,1,9.9,4.5,3,167.8,68,eastbourne
2016,2,9.8,3.9,3,53.7,75.2,eastbourne
2016,3,10.6,3.9,1,45.1,144.8,eastbourne
2016,4,12.7,5.8,0,26.1,192.8,eastbourne
2016,5,17,10,0,44.2,224.2,eastbourne
2016,6,19.1,12.9,0,75.2,144.7,eastbourne
2016,7,21.2,14.9,0,5,NA,eastbourne
2016,8,21.9,14.7,0,21.8,235.6,eastbourne
2016,9,21.3,14.2,0,21.6,139.4,eastbourne
2016,10,16.2,9.1,0,32.7,116.8,eastbourne
2016,11,11.9,4.9,1,69.5,69.7,eastbourne
2016,12,10.9,5.1,1,12.3,60.7,eastbourne
2017,1,8,1.1,11,102.3,78.6,eastbourne
2017,2,9.6,4.8,0,33.8,51.7,eastbourne
2017,3,13,6.6,0,19,125.5,eastbourne
2017,4,14.5,5.7,0,8.6,217.5,eastbourne
2017,5,17.4,10.2,0,51.4,180.5,eastbourne
2017,6,20.6,13.4,0,34.1,241.2,eastbourne
2017,7,21.9,15.3,0,77.5,173.6,eastbourne
2017,8,21.4,13.5,0,58.7,208.3,eastbourne
2017,9,18.9,11.4,0,74.2,64.9,eastbourne
2017,10,NA,10.2,0,25.4,83,eastbourne
2017,11,NA,5.7,1,35.1,72.2,eastbourne
2017,12,NA,NA,NA,122,NA,eastbourne
2018,1,9.5,NA,NA,NA,NA,eastbourne
2018,2,NA,NA,NA,NA,NA,eastbourne
2018,3,NA,NA,NA,NA,NA,eastbourne
2018,4,NA,NA,NA,NA,NA,eastbourne
2018,5,NA,NA,NA,34.8,NA,eastbourne
2018,6,20.4,13,0,0.2,NA,eastbourne
2018,7,24.8,16.5,0,NA,NA,eastbourne
2018,8,22.4,NA,NA,NA,NA,eastbourne
2018,9,19.4,12.2,0,NA,NA,eastbourne
2018,10,16.7,NA,NA,33.3,NA,eastbourne
2018,11,12.1,8,0,113.1,NA,eastbourne
2018,12,NA,NA,NA,115.6,NA,eastbourne
2019,1,NA,NA,NA,NA,NA,eastbourne
2019,2,NA,NA,NA,NA,NA,eastbourne
2019,3,NA,NA,NA,NA,NA,eastbourne
2019,4,NA,NA,NA,NA,NA,eastbourne
2019,5,NA,NA,NA,NA,NA,eastbourne
2019,6,NA,NA,NA,NA,NA,eastbourne
2019,7,NA,NA,NA,NA,NA,eastbourne
2019,8,NA,NA,NA,NA,NA,eastbourne
2019,9,NA,NA,NA,NA,NA,eastbourne
2019,10,NA,NA,NA,NA,NA,eastbourne
2019,11,NA,NA,NA,NA,NA,eastbourne
2019,12,NA,NA,NA,NA,NA,eastbourne
2020,1,NA,NA,NA,NA,NA,eastbourne
2020,2,NA,NA,NA,NA,NA,eastbourne
2020,3,NA,NA,NA,NA,NA,eastbourne
2020,4,NA,NA,NA,NA,NA,eastbourne
2020,5,NA,NA,NA,NA,NA,eastbourne
2020,6,NA,NA,NA,NA,NA,eastbourne
2016,1,5.3,0.8,14,358.6,16.2,eskdalemuir
2016,2,5.4,-1.2,16,207.8,64.7,eskdalemuir
2016,3,8.1,0.5,11,110.4,80,eskdalemuir
2016,4,9.2,0.9,11,102.4,127.7,eskdalemuir
2016,5,14.7,5.3,3,82.8,153.2,eskdalemuir
2016,6,17.6,8.6,0,94.2,126.9,eskdalemuir
2016,7,17.1,9.5,0,154.2,81.1,eskdalemuir
2016,8,17.7,9.8,0,118.8,118.5,eskdalemuir
2016,9,16.1,9.3,0,187.8,61.2,eskdalemuir
2016,10,12.1,4.9,0,46.4,75.1,eskdalemuir
2016,11,6.4,-1.3,19,96.4,71.4,eskdalemuir
2016,12,7.9,2.8,6,131.8,20.7,eskdalemuir
2017,1,5.9,-0.5,19,84.8,60.8,eskdalemuir
2017,2,6.4,1.7,7,187.2,NA,eskdalemuir
2017,3,9.6,1.9,7,243.8,103.7,eskdalemuir
2017,4,11.1,2.1,11,31.6,149.9,eskdalemuir
2017,5,16,6.2,1,102.8,200.9,eskdalemuir
2017,6,16.4,9.3,0,183,121.9,eskdalemuir
2017,7,17.1,9.6,0,138,113.9,eskdalemuir
2017,8,16.6,9.1,0,178,NA,eskdalemuir
2017,9,14.6,7.7,0,155.4,70.9,eskdalemuir
2017,10,12.9,6.5,3,202.4,43.6,eskdalemuir
2017,11,7.2,0.1,20,122.4,73.8,eskdalemuir
2017,12,5.7,-0.8,18,143.1,50.9,eskdalemuir
2018,1,4.6,-0.1,15,262.8,27.7,eskdalemuir
2018,2,4.5,-2.2,22,98.1,80.3,eskdalemuir
2018,3,5.4,-0.9,17,115.2,66,eskdalemuir
2018,4,10.1,3.5,3,137.8,84.2,eskdalemuir
2018,5,16.3,5.2,2,64.6,198.8,eskdalemuir
2018,6,19.7,7.9,0,115.4,214.8,eskdalemuir
2018,7,20.7,9.9,0,76.8,157.8,eskdalemuir
2018,8,17.1,9.4,0,173.4,84.7,eskdalemuir
2018,9,14.4,6.2,3,179.8,72.1,eskdalemuir
2018,10,11.9,4,8,135.2,81.1,eskdalemuir
2018,11,8.8,3.9,4,251.6,36.6,eskdalemuir
2018,12,7,1.4,10,156,28.4,eskdalemuir
2019,1,5.3,-1.3,18,65.2,67.2,eskdalemuir
2019,2,8.6,0.1,15,162.4,NA,eskdalemuir
2019,3,8.4,2.4,6,263,57.9,eskdalemuir
2019,4,12.5,2.1,6,54.8,158.6,eskdalemuir
2019,5,13.9,3.5,7,78.6,169.9,eskdalemuir
2019,6,16.2,7.7,0,111,132.2,eskdalemuir
2019,7,19.5,10.9,0,134.8,105.6,eskdalemuir
2019,8,18.2,11,0,225.2,98.3,eskdalemuir
2019,9,15.5,7.3,0,188.6,97,eskdalemuir
2019,10,10.6,3.9,6,117.6,80.4,eskdalemuir
2019,11,6.7,0.9,11,114.4,53.3,eskdalemuir
2019,12,6.5,1.7,7,182.6,26.5,eskdalemuir
2020,1,6.8,1.9,7,292.3,13.8,eskdalemuir
2020,2,6,0.5,10,418,NA,eskdalemuir
2020,3,8.1,0.3,10,149.6,72.6,eskdalemuir
2020,4,13.3,2,6,20.6,192,eskdalemuir
2020,5,15.4,4.1,8,61.2,200.2,eskdalemuir
2020,6,17.2,8.9,0,209.8,109.8,eskdalemuir
2016,1,9.5,3,5,74.8,54.8,heathrow
2016,2,9.4,2.9,5,43.8,86.8,heathrow
2016,3,10.7,3.2,3,72.8,123.3,heathrow
2016,4,13.5,4.9,0,47.2,170,heathrow
2016,5,19,9.7,0,60.4,192.7,heathrow
2016,6,20.7,12.7,0,93.4,101.7,heathrow
2016,7,24,14.5,0,16,182.8,heathrow
2016,8,24.7,14.6,0,21.6,201.4,heathrow
2016,9,22.4,13.7,0,42.2,122.1,heathrow
2016,10,15.9,8.7,0,21.6,105.6,heathrow
2016,11,10.5,3.8,3,86.4,77.4,heathrow
2016,12,10.2,3.4,7,10.4,55.1,heathrow
2017,1,7.6,0.7,15,60.2,64.5,heathrow
2017,2,10,4.4,1,38.2,47.8,heathrow
2017,3,14.1,6.6,0,25.8,116.3,heathrow
2017,4,15.8,5.9,0,4.6,186.2,heathrow
2017,5,19.8,10.4,0,64.8,164.8,heathrow
2017,6,24,13.9,0,46.4,204.3,heathrow
2017,7,23.8,14.9,0,90,178,heathrow
2017,8,22,13.5,0,58.6,174.9,heathrow
2017,9,19.2,11,0,59,120.1,heathrow
2017,10,17.1,10.3,0,9.2,84.6,heathrow
2017,11,11.1,4.5,2,34.2,66.7,heathrow
2017,12,8.7,2.9,7,81.2,43.8,heathrow
2018,1,9.7,3.8,1,58,46.5,heathrow
2018,2,6.7,0.6,12,29,92,heathrow
2018,3,9.8,3,6,81.2,70.3,heathrow
2018,4,15.5,7.9,0,65.2,113.4,heathrow
2018,5,20.8,9.8,0,58.4,248.3,heathrow
2018,6,24.2,13.1,0,0.4,234.5,heathrow
2018,7,28.3,16.4,0,14.8,272.5,heathrow
2018,8,24.5,14.5,0,48.2,182.1,heathrow
2018,9,20.9,11,0,29.4,195,heathrow
2018,10,16.5,8.5,1,61,137,heathrow
2018,11,12.2,5.8,1,73.8,72.9,heathrow
2018,12,10.7,5.2,2,60.6,40.3,heathrow
2019,1,7.6,2,9,33.2,56.4,heathrow
2019,2,12.4,3.3,3,34.2,120.2,heathrow
2019,3,13.1,5.8,0,49.6,119,heathrow
2019,4,15.8,5.7,1,12.8,170.1,heathrow
2019,5,18.6,8.4,0,36,176.3,heathrow
2019,6,21.8,11.9,0,81.8,170.1,heathrow
2019,7,25.5,14.9,0,50.8,194.5,heathrow
2019,8,25.2,14.1,0,33.6,201.2,heathrow
2019,9,21.2,11.8,0,63,156.8,heathrow
2019,10,15.5,8.6,0,92.8,74,heathrow
2019,11,10.3,4.3,3,74.8,51.3,heathrow
2019,12,10.2,4,3,89.6,56.2,heathrow
2020,1,10.1,4.7,4,47.6,50.3,heathrow
2020,2,11.1,4.3,1,99.8,62,heathrow
2020,3,12,3.9,1,42.8,148,heathrow
2020,4,18.2,6.5,1,38.2,235.4,heathrow
2020,5,21.1,9.1,0,2,308.6,heathrow
2020,6,22.5,12.6,0,54,174.9,heathrow
2016,1,10,2.1,10,190.8,66.7,hurn
2016,2,NA,NA,NA,63.2,64.6,hurn
2016,3,10.9,1.4,11,105.6,132.4,hurn
2016,4,12.9,3.2,6,56.8,166.2,hurn
2016,5,18,7.5,2,58.8,202.9,hurn
2016,6,19.6,11.4,0,85.8,116,hurn
2016,7,22.4,12.6,0,12,190,hurn
2016,8,23.1,12.3,0,41,230.2,hurn
2016,9,20.7,12,0,85.2,125.8,hurn
2016,10,15.5,6.1,0,56.6,125.7,hurn
2016,11,11.1,2,9,104.4,97.1,hurn
2016,12,10.3,2.1,10,32.2,55.8,hurn
2017,1,8.1,-0.1,17,103.4,74.1,hurn
2017,2,9.9,3.7,7,48.4,56,hurn
2017,3,13.2,5.5,1,60.5,107,hurn
2017,4,15,3.2,5,12.6,193.8,hurn
2017,5,18.3,8.3,0,58,185.9,hurn
2017,6,21.9,11.4,0,57.6,207.3,hurn
2017,7,22.1,13,0,89.8,200.4,hurn
2017,8,21,11.4,0,52.2,183.4,hurn
2017,9,18.1,9.5,0,93.6,111.8,hurn
2017,10,16.6,8.8,2,42.2,81.3,hurn
2017,11,11.8,2.2,9,74.2,99.1,hurn
2017,12,9.7,1.6,13,104.8,58.5,hurn
2018,1,10.2,2.9,7,76.4,64,hurn
2018,2,7.4,-1.3,20,42.4,128.3,hurn
2018,3,9.4,2.2,8,148.3,74.2,hurn
2018,4,14.3,6.8,0,75.4,124.6,hurn
2018,5,19.4,7.5,0,39.6,265.9,hurn
2018,6,22.9,11.2,0,0.4,269.2,hurn
2018,7,25.9,13.1,0,27.2,303.2,hurn
2018,8,22.8,12.1,0,64,173.2,hurn
2018,9,19.6,8.6,0,42.8,169.6,hurn
2018,10,15.6,5.8,4,44.8,129.6,hurn
2018,11,12.4,5.3,6,124,77.5,hurn
2018,12,11.2,4.5,5,139.4,38.5,hurn
2019,1,8,0.1,18,38.8,60.6,hurn
2019,2,11.2,0.9,12,57.2,106.2,hurn
2019,3,12.8,4.3,5,80,117.3,hurn
2019,4,15.2,4,2,53,198.1,hurn
2019,5,17.5,5.9,2,37,209.8,hurn
2019,6,19.9,10.5,0,74.4,174.3,hurn
2019,7,23.7,12.5,0,35,246.7,hurn
2019,8,22.4,12.1,0,43.4,207.3,hurn
2019,9,20.2,10.2,0,131.8,154.6,hurn
2019,10,15.5,7.7,1,129.4,68,hurn
2019,11,11,3.5,7,119.2,55.6,hurn
2019,12,10.6,3.4,9,144.4,60.1,hurn
2020,1,10.1,4.2,5,109,53.3,hurn
2020,2,11,4.3,3,130.6,69.1,hurn
2020,3,11.7,3.5,5,54.6,157.7,hurn
2020,4,17.1,5.1,4,51.8,249.7,hurn
2020,5,19.9,6.4,2,0.2,339.5,hurn
2020,6,20.7,11.1,0,59.6,212.6,hurn
2016,1,5.4,1.2,7,187,34.6,lerwick
2016,2,5.1,0.5,10,119.6,86.5,lerwick
2016,3,7.4,3.5,2,79.2,84.2,lerwick
2016,4,7.9,2.8,3,55.1,156.6,lerwick
2016,5,10.8,5.7,0,46,183.2,lerwick
2016,6,12.9,8.5,0,48.4,199.3,lerwick
2016,7,14.5,10.4,0,115.2,80.5,lerwick
2016,8,14.2,10.4,0,108.4,92.2,lerwick
2016,9,14.2,10.5,0,110,106.6,lerwick
2016,10,11.4,7.2,0,56.2,126.5,lerwick
2016,11,7.7,3.5,1,133.4,48,lerwick
2016,12,9.2,4.9,0,159.4,11.5,lerwick
2017,1,7,3.5,3,116,11.5,lerwick
2017,2,6.7,2.8,7,99.4,55.8,lerwick
2017,3,7.5,3.5,3,133.3,79.3,lerwick
2017,4,8.2,3.6,1,81.4,136,lerwick
2017,5,11.5,7.2,0,35.8,157.7,lerwick
2017,6,13.3,9,0,86.4,79.8,lerwick
2017,7,14.5,10.2,0,64.4,184.2,lerwick
2017,8,14.7,10.3,0,106.6,129.4,lerwick
2017,9,13.7,10,0,132.6,69.2,lerwick
2017,10,11.3,7.8,0,235,52.4,lerwick
2017,11,6.8,3,2,165.4,33.6,lerwick
2017,12,6.4,2.3,8,159.3,24.6,lerwick
2018,1,5.3,1.4,9,159.8,25.1,lerwick
2018,2,5.3,1.3,3,62.4,70.5,lerwick
2018,3,4.9,0.7,9,93.3,90.4,lerwick
2018,4,8.6,3.7,5,38.2,147.6,lerwick
2018,5,12.8,6.6,0,35.4,218.6,lerwick
2018,6,13.3,8.9,0,30.4,147.3,lerwick
2018,7,16,11.3,0,63.8,131.3,lerwick
2018,8,15,10,0,66,178,lerwick
2018,9,12.8,8.4,0,171.2,118.5,lerwick
2018,10,10.4,6.1,0,146.4,77.9,lerwick
2018,11,9.2,6.4,0,84.8,29.1,lerwick
2018,12,7.4,4.1,1,124,20,lerwick
2019,1,5.7,1.6,9,136,37.6,lerwick
2019,2,7.8,3.6,1,83.4,50.2,lerwick
2019,3,7.4,3.1,3,131,106.2,lerwick
2019,4,9.5,5.5,0,53.4,153,lerwick
2019,5,9.9,4.4,1,60.8,163.3,lerwick
2019,6,12.7,8.6,0,92.2,103.5,lerwick
2019,7,15.2,10.8,0,75,115.4,lerwick
2019,8,15.4,11.1,0,85.8,94.4,lerwick
2019,9,12.7,8.8,0,77.2,108.2,lerwick
2019,10,10.3,6.3,0,110.4,84.3,lerwick
2019,11,6.5,3.1,5,62.6,58.1,lerwick
2019,12,7.4,3.4,1,163.4,18.5,lerwick
2020,1,7.6,3.7,1,149.2,13.2,lerwick
2020,2,6.1,2.1,1,172.1,39.5,lerwick
2020,3,7.2,2.5,3,113.1,84.8,lerwick
2020,4,8.9,3.6,2,54.8,138.1,lerwick
2020,5,10.3,5.2,3,52.4,147.8,lerwick
2020,6,13.9,9,0,30.8,150.9,lerwick
2016,1,6.8,1.3,15,157.6,29.8,leuchars
2016,2,7,-0.3,15,35.4,90.3,leuchars
2016,3,9.7,1.9,10,23.6,111.3,leuchars
2016,4,10.2,2.6,4,83,143.1,leuchars
2016,5,14.6,7,1,19,196.8,leuchars
2016,6,16,9.1,0,89.8,140.7,leuchars
2016,7,19.6,10.7,0,57.2,166,leuchars
2016,8,19.2,10.9,0,32,158.1,leuchars
2016,9,18.8,10.6,0,40,113.8,leuchars
2016,10,13.5,6.1,1,51.2,94.6,leuchars
2016,11,8,0.6,10,34.6,95.8,leuchars
2016,12,9.6,2.9,5,44.6,29.3,leuchars
2017,1,7.1,0.4,13,22.8,73.5,leuchars
2017,2,8.6,2.1,4,60,70.2,leuchars
2017,3,11,2.3,10,42.6,133.5,leuchars
2017,4,13.2,3.8,3,6.2,197.5,leuchars
2017,5,16.3,7,0,39.6,212.6,leuchars
2017,6,17.9,10.7,0,148.4,129.9,leuchars
2017,7,18.3,11,0,50.2,164.8,leuchars
2017,8,18.9,10.2,0,72.4,165.1,leuchars
2017,9,16.4,9.1,0,63.8,115.8,leuchars
2017,10,15,7.9,1,41.4,81.2,leuchars
2017,11,8.5,1.7,10,37.8,90.4,leuchars
2017,12,6.9,0.4,16,30.4,57.7,leuchars
2018,1,6,0.3,13,66,60.1,leuchars
2018,2,6,-0.7,16,34.6,94.9,leuchars
2018,3,6.8,0.7,13,104.3,88.5,leuchars
2018,4,11.5,3.6,3,48.4,168.7,leuchars
2018,5,16.6,6.9,1,24.6,242.1,leuchars
2018,6,17.7,9.4,0,30.8,207,leuchars
2018,7,21.7,12.4,0,41,227.5,leuchars
2018,8,19.4,10.6,0,57.6,145.8,leuchars
2018,9,16.5,8.4,0,36.8,140.4,leuchars
2018,10,13.8,5.8,3,49.4,103.6,leuchars
2018,11,10.6,5.1,0,85.2,48.1,leuchars
2018,12,8,1.3,11,71.6,59.6,leuchars
2019,1,6.7,-0.2,19,9.8,77.1,leuchars
2019,2,10.2,1.3,9,22.8,84,leuchars
2019,3,10.4,3.3,6,74.6,145.6,leuchars
2019,4,11.6,5,2,27.6,184.7,leuchars
2019,5,14,6,1,77.2,163.3,leuchars
2019,6,16.8,9.1,0,66.4,183.8,leuchars
2019,7,20.6,12.3,0,69.2,157.6,leuchars
2019,8,19.4,11.6,0,131,165.2,leuchars
2019,9,16.8,9.2,0,48.6,138.6,leuchars
2019,10,12.2,5.2,1,74.2,103.3,leuchars
2019,11,7.8,2.5,10,128,52,leuchars
2019,12,8.1,1.9,9,44.8,49.5,leuchars
2020,1,8.8,2.9,6,34.2,59.2,leuchars
2020,2,7.8,1,10,121.6,99,leuchars
2020,3,9.7,2.1,7,20.4,132.9,leuchars
2020,4,12.1,3.4,4,7.4,189,leuchars
2020,5,16.9,6.5,1,18.2,240.7,leuchars
2020,6,17,10.2,0,64.6,108.3,leuchars
2016,1,NA,NA,NA,NA,NA,lowestoft
2016,2,NA,NA,NA,NA,NA,lowestoft
2016,3,NA,NA,NA,NA,NA,lowestoft
2016,4,NA,NA,NA,NA,NA,lowestoft
2016,5,NA,NA,NA,NA,NA,lowestoft
2016,6,NA,NA,NA,NA,NA,lowestoft
2016,7,NA,NA,NA,NA,NA,lowestoft
2016,8,NA,NA,NA,NA,NA,lowestoft
2016,9,NA,NA,NA,NA,NA,lowestoft
2016,10,NA,NA,NA,NA,NA,lowestoft
2016,11,NA,NA,NA,NA,NA,lowestoft
2016,12,NA,NA,NA,NA,NA,lowestoft
2017,1,NA,NA,NA,NA,NA,lowestoft
2017,2,NA,NA,NA,NA,NA,lowestoft
2017,3,NA,NA,NA,NA,NA,lowestoft
2017,4,NA,NA,NA,NA,NA,lowestoft
2017,5,NA,NA,NA,NA,NA,lowestoft
2017,6,NA,NA,NA,NA,NA,lowestoft
2017,7,NA,NA,NA,NA,NA,lowestoft
2017,8,NA,NA,NA,NA,NA,lowestoft
2017,9,NA,NA,NA,NA,NA,lowestoft
2017,10,NA,NA,NA,NA,NA,lowestoft
2017,11,NA,NA,NA,NA,NA,lowestoft
2017,12,NA,NA,NA,NA,NA,lowestoft
2018,1,NA,NA,NA,NA,NA,lowestoft
2018,2,NA,NA,NA,NA,NA,lowestoft
2018,3,NA,NA,NA,NA,NA,lowestoft
2018,4,NA,NA,NA,NA,NA,lowestoft
2018,5,NA,NA,NA,NA,NA,lowestoft
2018,6,NA,NA,NA,NA,NA,lowestoft
2018,7,NA,NA,NA,NA,NA,lowestoft
2018,8,NA,NA,NA,NA,NA,lowestoft
2018,9,NA,NA,NA,NA,NA,lowestoft
2018,10,NA,NA,NA,NA,NA,lowestoft
2018,11,NA,NA,NA,NA,NA,lowestoft
2018,12,NA,NA,NA,NA,NA,lowestoft
2019,1,NA,NA,NA,NA,NA,lowestoft
2019,2,NA,NA,NA,NA,NA,lowestoft
2019,3,NA,NA,NA,NA,NA,lowestoft
2019,4,NA,NA,NA,NA,NA,lowestoft
2019,5,NA,NA,NA,NA,NA,lowestoft
2019,6,NA,NA,NA,NA,NA,lowestoft
2019,7,NA,NA,NA,NA,NA,lowestoft
2019,8,NA,NA,NA,NA,NA,lowestoft
2019,9,NA,NA,NA,NA,NA,lowestoft
2019,10,NA,NA,NA,NA,NA,lowestoft
2019,11,NA,NA,NA,NA,NA,lowestoft
2019,12,NA,NA,NA,NA,NA,lowestoft
2020,1,NA,NA,NA,NA,NA,lowestoft
2020,2,NA,NA,NA,NA,NA,lowestoft
2020,3,NA,NA,NA,NA,NA,lowestoft
2020,4,NA,NA,NA,NA,NA,lowestoft
2020,5,NA,NA,NA,NA,NA,lowestoft
2020,6,NA,NA,NA,NA,NA,lowestoft
2016,1,8.6,3.1,3,78,59.5,manston
2016,2,8.3,2.9,6,33,60.1,manston
2016,3,9.6,3.5,2,59.4,128.1,manston
2016,4,12,4.9,0,38.8,158.9,manston
2016,5,16.7,9.3,0,36,164.5,manston
2016,6,19,11.6,0,97.4,128.8,manston
2016,7,22.8,14,0,10.8,227.1,manston
2016,8,23.3,14.4,0,18,263.1,manston
2016,9,22.5,14.4,0,76.2,174.8,manston
2016,10,15,9.4,0,34.8,127.9,manston
2016,11,10.1,4.4,2,103.4,70.9,manston
2016,12,9.3,3.8,5,9.2,67.4,manston
2017,1,6.3,0.7,13,48.2,80.1,manston
2017,2,9.2,4.5,0,26.4,56.3,manston
2017,3,13,6,0,17.2,155.3,manston
2017,4,13.7,5.9,0,10.8,210.1,manston
2017,5,17.9,9.8,0,57.8,201.6,manston
2017,6,22.4,13.1,0,37.8,261.1,manston
2017,7,22.8,14.5,0,74.2,198.3,manston
2017,8,21.4,13.3,0,85.6,189.3,manston
2017,9,18.3,11.1,0,37,140.1,manston
2017,10,16.6,10.2,0,15.4,89.8,manston
2017,11,10.5,4.7,1,31.6,80.8,manston
2017,12,8.1,2.6,11,70,59.9,manston
2018,1,8.9,3.3,1,68.2,62.1,manston
2018,2,5.8,0.4,9,44.2,113.9,manston
2018,3,8.5,2.5,7,77.4,72.9,manston
2018,4,14.6,7.3,0,71,155.9,manston
2018,5,17,9,0,43.4,233,manston
2018,6,19.6,12,0,7.6,255.9,manston
2018,7,NA,NA,NA,21.8,NA,manston
2018,8,22.4,13.9,0,73.2,180.7,manston
2018,9,18.8,11.3,0,45.2,187.9,manston
2018,10,16.2,9.6,0,47,156.1,manston
2018,11,11.3,6.5,0,108.8,86.3,manston
2018,12,9.9,4.9,0,59.4,58.4,manston
2019,1,6.7,1.8,8,29.4,67.9,manston
2019,2,10.7,3.6,2,21,151.8,manston
2019,3,11.7,5.2,0,44.8,122.1,manston
2019,4,12.8,5.9,0,20.4,177.6,manston
2019,5,16,8,0,39,212.2,manston
2019,6,20.2,12,0,63,206.4,manston
2019,7,23.2,14.4,0,39.2,224.2,manston
2019,8,23.7,13.9,0,22,241.1,manston
2019,9,19.9,12.1,0,29.6,181.8,manston
2019,10,15.2,9.4,0,101.2,84.5,manston
2019,11,10.1,5.2,1,88.6,71.3,manston
2019,12,9.5,4.1,4,79.2,73.2,manston
2020,1,9.3,4.2,1,30.2,55.3,manston
2020,2,10.4,4.2,1,90,84.8,manston
2020,3,10.3,4.3,0,45.2,185.7,manston
2020,4,14.7,6.5,0,33,260.3,manston
2020,5,18.1,8.7,0,6.8,331.7,manston
2020,6,20.8,12,0,34.2,249.7,manston
2016,1,NA,NA,NA,NA,NA,nairn
2016,2,NA,NA,NA,NA,NA,nairn
2016,3,NA,NA,NA,NA,NA,nairn
2016,4,NA,NA,NA,NA,NA,nairn
2016,5,NA,NA,NA,NA,NA,nairn
2016,6,NA,NA,NA,NA,NA,nairn
2016,7,NA,NA,NA,NA,NA,nairn
2016,8,NA,NA,NA,NA,NA,nairn
2016,9,NA,NA,NA,NA,NA,nairn
2016,10,NA,NA,NA,NA,NA,nairn
2016,11,NA,NA,NA,NA,NA,nairn
2016,12,NA,NA,NA,NA,NA,nairn
2017,1,NA,NA,NA,NA,NA,nairn
2017,2,NA,NA,NA,NA,NA,nairn
2017,3,NA,NA,NA,NA,NA,nairn
2017,4,NA,NA,NA,NA,NA,nairn
2017,5,NA,NA,NA,NA,NA,nairn
2017,6,NA,NA,NA,NA,NA,nairn
2017,7,NA,NA,NA,NA,NA,nairn
2017,8,NA,NA,NA,NA,NA,nairn
2017,9,NA,NA,NA,NA,NA,nairn
2017,10,NA,NA,NA,NA,NA,nairn
2017,11,NA,NA,NA,NA,NA,nairn
2017,12,NA,NA,NA,NA,NA,nairn
2018,1,NA,NA,NA,NA,NA,nairn
2018,2,NA,NA,NA,NA,NA,nairn
2018,3,NA,NA,NA,NA,NA,nairn
2018,4,NA,NA,NA,NA,NA,nairn
2018,5,NA,NA,NA,NA,NA,nairn
2018,6,NA,NA,NA,NA,NA,nairn
2018,7,NA,NA,NA,NA,NA,nairn
2018,8,NA,NA,NA,NA,NA,nairn
2018,9,NA,NA,NA,NA,NA,nairn
2018,10,NA,NA,NA,NA,NA,nairn
2018,11,NA,NA,NA,NA,NA,nairn
2018,12,NA,NA,NA,NA,NA,nairn
2019,1,NA,NA,NA,NA,NA,nairn
2019,2,NA,NA,NA,NA,NA,nairn
2019,3,NA,NA,NA,NA,NA,nairn
2019,4,NA,NA,NA,NA,NA,nairn
2019,5,NA,NA,NA,NA,NA,nairn
2019,6,NA,NA,NA,NA,NA,nairn
2019,7,NA,NA,NA,NA,NA,nairn
2019,8,NA,NA,NA,NA,NA,nairn
2019,9,NA,NA,NA,NA,NA,nairn
2019,10,NA,NA,NA,NA,NA,nairn
2019,11,NA,NA,NA,NA,NA,nairn
2019,12,NA,NA,NA,NA,NA,nairn
2020,1,NA,NA,NA,NA,NA,nairn
2020,2,NA,NA,NA,NA,NA,nairn
2020,3,NA,NA,NA,NA,NA,nairn
2020,4,NA,NA,NA,NA,NA,nairn
2020,5,NA,NA,NA,NA,NA,nairn
2020,6,NA,NA,NA,NA,NA,nairn
2016,1,6.9,2.2,8,161.4,NA,newtonrigg
2016,2,6.6,0.1,15,98.6,NA,newtonrigg
2016,3,8.9,1.3,9,57.6,NA,newtonrigg
2016,4,10.2,2,9,66,NA,newtonrigg
2016,5,NA,NA,NA,16,NA,newtonrigg
2016,6,18.7,9.8,0,108,NA,newtonrigg
2016,7,18.7,11,0,72.6,NA,newtonrigg
2016,8,18.5,10.8,0,97.2,NA,newtonrigg
2016,9,18,10.6,0,85.6,NA,newtonrigg
2016,10,13.2,5.2,1,37.6,NA,newtonrigg
2016,11,7.3,-0.2,15,95.4,NA,newtonrigg
2016,12,9,2.7,8,65.6,NA,newtonrigg
2017,1,6.3,0.8,17,42.4,NA,newtonrigg
2017,2,7.4,2.6,6,73.6,NA,newtonrigg
2017,3,10.5,3.1,6,123.2,NA,newtonrigg
2017,4,11.6,3.5,5,22,NA,newtonrigg
2017,5,16.9,6.3,2,25,NA,newtonrigg
2017,6,17.4,9.9,0,124.2,NA,newtonrigg
2017,7,18.3,10.1,0,94,NA,newtonrigg
2017,8,17.5,10.2,0,85.4,NA,newtonrigg
2017,9,15.2,8.3,0,114.8,NA,newtonrigg
2017,10,13.8,7.7,2,80.2,NA,newtonrigg
2017,11,8.4,1.5,10,89.4,NA,newtonrigg
2017,12,6.6,0.1,17,89.4,NA,newtonrigg
2018,1,6.3,1.6,5,114.2,NA,newtonrigg
2018,2,5.3,-1.1,17,64.6,NA,newtonrigg
2018,3,6.8,0.2,16,46,NA,newtonrigg
2018,4,11.8,4.4,5,53.2,NA,newtonrigg
2018,5,17.9,5.2,3,29.8,NA,newtonrigg
2018,6,20.5,8.8,0,49.4,NA,newtonrigg
2018,7,22.5,10.8,0,53.4,NA,newtonrigg
2018,8,18.6,11.3,0,71.6,NA,newtonrigg
2018,9,15.8,7.8,0,94.6,NA,newtonrigg
2018,10,13.1,5,6,106.8,NA,newtonrigg
2018,11,10,4.2,5,126,NA,newtonrigg
2018,12,8.1,2.3,6,76.4,NA,newtonrigg
2019,1,6,0.3,15,40.4,NA,newtonrigg
2019,2,10.3,2.1,6,61.2,NA,newtonrigg
2019,3,9.8,3,3,164,NA,newtonrigg
2019,4,13.3,2.6,7,52.4,NA,newtonrigg
2019,5,14.6,4.5,4,41.6,NA,newtonrigg
2019,6,17.1,8.9,0,107.8,NA,newtonrigg
2019,7,20.7,11.8,0,116,NA,newtonrigg
2019,8,19.4,12,0,159.4,NA,newtonrigg
2019,9,16.4,8.6,0,139.2,NA,newtonrigg
2019,10,11.7,4.7,4,77.2,NA,newtonrigg
2019,11,7.4,1.6,11,64.4,NA,newtonrigg
2019,12,7.6,2.2,6,125.8,NA,newtonrigg
2020,1,8,2.6,5,106.6,NA,newtonrigg
2020,2,7.7,2,3,251,NA,newtonrigg
2020,3,9.7,1.7,11,76.6,NA,newtonrigg
2020,4,14.4,3,6,11.4,NA,newtonrigg
2020,5,16.7,5.3,5,27,NA,newtonrigg
2020,6,18.7,9.7,0,126,NA,newtonrigg
2016,1,9.4,3,5,83.9,59.1,oxford
2016,2,9.1,2.7,6,47.6,112.9,oxford
2016,3,10.2,2.2,4,74.2,123.8,oxford
2016,4,12.9,4,1,53.1,163.7,oxford
2016,5,18.4,8.7,0,86.1,202.9,oxford
2016,6,20,11.9,0,95.7,100.4,oxford
2016,7,23.3,13.8,0,3.4,227.6,oxford
2016,8,23.5,13.6,0,41.2,204.5,oxford
2016,9,20.9,13,0,44.6,113.2,oxford
2016,10,15.1,7.3,0,26.5,112.2,oxford
2016,11,9.4,3.3,3,76.1,88.3,oxford
2016,12,9.6,3,10,25.8,62.3,oxford
2017,1,7.3,0.8,16,62.8,64.6,oxford
2017,2,9.5,4,1,42.8,58.4,oxford
2017,3,13.7,5.8,0,43.1,115.6,oxford
2017,4,15.1,4.7,0,5.4,174.6,oxford
2017,5,19,9.4,0,63.6,169.4,oxford
2017,6,22.7,12.9,0,29.7,213.3,oxford
2017,7,23.3,13.9,0,62.3,179.2,oxford
2017,8,21.4,12.6,0,62.8,176.1,oxford
2017,9,18.5,10.4,0,64.6,119.4,oxford
2017,10,NA,9.7,0,17.1,97.7,oxford
2017,11,10.7,3.8,3,48.4,99.6,oxford
2017,12,8.3,2.6,10,74.2,55.5,oxford
2018,1,8.9,3,4,59.1,67.7,oxford
2018,2,6.4,0.3,14,24.1,117.6,oxford
2018,3,9.1,2.5,6,87.4,79,oxford
2018,4,14.2,7.5,0,52.8,121.5,oxford
2018,5,19.9,8.6,0,80.8,234.1,oxford
2018,6,22.8,11.6,0,2.5,252.2,oxford
2018,7,27.4,14.2,0,23.2,280.9,oxford
2018,8,23.4,NA,NA,43.2,198.6,oxford
2018,9,20.4,10,0,30.3,169.8,oxford
2018,10,15.6,7.3,2,50.1,117.3,oxford
2018,11,11.7,5.5,2,61.9,82.7,oxford
2018,12,10.2,4.7,3,71.8,53.8,oxford
2019,1,NA,NA,NA,NA,NA,oxford
2019,2,NA,NA,NA,NA,NA,oxford
2019,3,NA,NA,NA,NA,NA,oxford
2019,4,15.1,4.3,5,29.9,153.7,oxford
2019,5,NA,NA,NA,NA,NA,oxford
2019,6,NA,NA,NA,NA,NA,oxford
2019,7,NA,NA,NA,NA,NA,oxford
2019,8,23.9,13.2,0,46.9,202.5,oxford
2019,9,20.8,10.4,0,62.9,176,oxford
2019,10,14.6,7.5,0,116.2,80.7,oxford
2019,11,9.8,4.3,2,105.6,45.1,oxford
2019,12,NA,NA,NA,85.7,NA,oxford
2020,1,NA,4.5,3,45.3,NA,oxford
2020,2,NA,NA,NA,81.2,NA,oxford
2020,3,11.5,3,4,35,NA,oxford
2020,4,18.1,5.5,1,27.5,226.7,oxford
2020,5,NA,NA,NA,NA,NA,oxford
2020,6,NA,NA,NA,NA,NA,oxford
2016,1,NA,NA,NA,NA,NA,paisley
2016,2,NA,NA,NA,NA,NA,paisley
2016,3,NA,NA,NA,NA,NA,paisley
2016,4,NA,NA,NA,NA,NA,paisley
2016,5,NA,NA,NA,NA,NA,paisley
2016,6,NA,NA,NA,NA,NA,paisley
2016,7,NA,NA,NA,NA,NA,paisley
2016,8,NA,NA,NA,NA,NA,paisley
2016,9,NA,NA,NA,NA,NA,paisley
2016,10,NA,NA,NA,NA,NA,paisley
2016,11,NA,NA,NA,NA,NA,paisley
2016,12,NA,NA,NA,NA,NA,paisley
2017,1,NA,NA,NA,NA,NA,paisley
2017,2,NA,NA,NA,NA,NA,paisley
2017,3,NA,NA,NA,NA,NA,paisley
2017,4,NA,NA,NA,NA,NA,paisley
2017,5,NA,NA,NA,NA,NA,paisley
2017,6,NA,NA,NA,NA,NA,paisley
2017,7,NA,NA,NA,NA,NA,paisley
2017,8,NA,NA,NA,NA,NA,paisley
2017,9,NA,NA,NA,NA,NA,paisley
2017,10,NA,NA,NA,NA,NA,paisley
2017,11,NA,NA,NA,NA,NA,paisley
2017,12,NA,NA,NA,NA,NA,paisley
2018,1,NA,NA,NA,NA,NA,paisley
2018,2,NA,NA,NA,NA,NA,paisley
2018,3,NA,NA,NA,NA,NA,paisley
2018,4,NA,NA,NA,NA,NA,paisley
2018,5,NA,NA,NA,NA,NA,paisley
2018,6,NA,NA,NA,NA,NA,paisley
2018,7,NA,NA,NA,NA,NA,paisley
2018,8,NA,NA,NA,NA,NA,paisley
2018,9,NA,NA,NA,NA,NA,paisley
2018,10,NA,NA,NA,NA,NA,paisley
2018,11,NA,NA,NA,NA,NA,paisley
2018,12,NA,NA,NA,NA,NA,paisley
2019,1,NA,NA,NA,NA,NA,paisley
2019,2,NA,NA,NA,NA,NA,paisley
2019,3,NA,NA,NA,NA,NA,paisley
2019,4,NA,NA,NA,NA,NA,paisley
2019,5,NA,NA,NA,NA,NA,paisley
2019,6,NA,NA,NA,NA,NA,paisley
2019,7,NA,NA,NA,NA,NA,paisley
2019,8,NA,NA,NA,NA,NA,paisley
2019,9,NA,NA,NA,NA,NA,paisley
2019,10,NA,NA,NA,NA,NA,paisley
2019,11,NA,NA,NA,NA,NA,paisley
2019,12,NA,NA,NA,NA,NA,paisley
2020,1,NA,NA,NA,NA,NA,paisley
2020,2,NA,NA,NA,NA,NA,paisley
2020,3,NA,NA,NA,NA,NA,paisley
2020,4,NA,NA,NA,NA,NA,paisley
2020,5,NA,NA,NA,NA,NA,paisley
2020,6,NA,NA,NA,NA,NA,paisley
2016,1,9.2,3.1,5,115.4,48.2,rossonwye
2016,2,9.2,2.1,9,81.6,96.5,rossonwye
2016,3,10.4,1.9,8,68,124.3,rossonwye
2016,4,12.9,3.6,2,42.4,177.6,rossonwye
2016,5,18.6,8.1,1,57.7,201,rossonwye
2016,6,20.5,12.2,0,80.7,113.3,rossonwye
2016,7,22.3,13,0,10.4,188,rossonwye
2016,8,22.3,12.8,0,49.1,206.2,rossonwye
2016,9,20.4,12.6,0,56.9,138.8,rossonwye
2016,10,15,7.1,0,23.8,113.3,rossonwye
2016,11,9.8,3,5,112.4,79.5,rossonwye
2016,12,9.2,2.2,12,34.4,49.2,rossonwye
2017,1,7.8,0.9,15,60,47.9,rossonwye
2017,2,9.4,3.7,3,37.6,36.6,rossonwye
2017,3,13.2,5,1,58,104.4,rossonwye
2017,4,15,4.5,1,8,197.1,rossonwye
2017,5,18.9,9,0,75,218.6,rossonwye
2017,6,21.8,12.5,0,75,179.2,rossonwye
2017,7,22.4,13,0,63,203.3,rossonwye
2017,8,20.1,11.7,0,49.8,184.8,rossonwye
2017,9,18.2,9.8,0,45.8,113.5,rossonwye
2017,10,16.1,9.8,1,38.6,NA,rossonwye
2017,11,11,3.3,6,37.2,NA,rossonwye
2017,12,8.4,1.9,9,98.8,NA,rossonwye
2018,1,8.9,2.7,6,70.4,NA,rossonwye
2018,2,6.9,0.6,12,22.2,NA,rossonwye
2018,3,8.7,1.6,9,139.4,NA,rossonwye
2018,4,14,6.8,0,73.2,NA,rossonwye
2018,5,19.4,8.1,0,80.2,NA,rossonwye
2018,6,22.8,11.7,0,9,NA,rossonwye
2018,7,26.3,13.7,0,36.4,NA,rossonwye
2018,8,21.9,12.5,0,63,NA,rossonwye
2018,9,18.7,9.9,0,44.4,NA,rossonwye
2018,10,15.4,6,4,56.8,NA,rossonwye
2018,11,NA,NA,NA,74,NA,rossonwye
2018,12,10.4,4.9,3,78.6,NA,rossonwye
2019,1,7.3,1.7,11,20,46.1,rossonwye
2019,2,11.9,1.8,10,45.2,101.2,rossonwye
2019,3,12.3,4.9,1,66.6,115.9,rossonwye
2019,4,NA,NA,NA,NA,NA,rossonwye
2019,5,17.4,6.8,0,43.4,160.9,rossonwye
2019,6,19.2,10.8,0,140,111.5,rossonwye
2019,7,23.3,13.4,0,36.6,164.9,rossonwye
2019,8,22.1,13.2,0,77.8,155,rossonwye
2019,9,19.6,10.7,0,84,148,rossonwye
2019,10,14.1,7.1,1,139.6,68.6,rossonwye
2019,11,9.5,4.1,3,115.4,46.5,rossonwye
2019,12,9.1,3.2,5,95,42,rossonwye
2020,1,9.4,4.3,5,73.4,54.3,rossonwye
2020,2,10.2,4,3,162.6,67.2,rossonwye
2020,3,11.3,3,4,40.8,140.1,rossonwye
2020,4,17.4,5.4,1,44,206.8,rossonwye
2020,5,NA,NA,NA,NA,NA,rossonwye
2020,6,NA,NA,NA,NA,NA,rossonwye
2016,1,8.7,2.1,6,102.6,40.5,shawbury
2016,2,8.4,0.7,11,51.6,87.4,shawbury
2016,3,9.6,1.2,10,65.8,107.1,shawbury
2016,4,11.8,2.6,8,74.8,165,shawbury
2016,5,17.4,6.6,1,47.2,212.8,shawbury
2016,6,19.6,11.1,0,117.8,126.2,shawbury
2016,7,20.6,11.9,0,39.2,154.5,shawbury
2016,8,21.4,12.3,0,44,175.2,shawbury
2016,9,19.6,11.9,0,50.8,129.2,shawbury
2016,10,14.3,6.5,0,21.8,106.1,shawbury
2016,11,9,1.6,9,78.4,75.7,shawbury
2016,12,9.3,1.7,12,31.6,46.9,shawbury
2017,1,7.2,0.9,16,61.4,38.2,shawbury
2017,2,8.9,3,6,38.8,45,shawbury
2017,3,12.5,4,5,52.2,121.1,shawbury
2017,4,13.4,4.1,2,22.6,159.5,shawbury
2017,5,18.1,7.9,1,25.2,198.6,shawbury
2017,6,20.2,11.8,0,46.4,151,shawbury
2017,7,21.7,12.1,0,68.2,160.4,shawbury
2017,8,19.6,11.3,0,63,129.8,shawbury
2017,9,17.2,9.2,0,114,96,shawbury
2017,10,15.5,8.8,1,42.2,67.7,shawbury
2017,11,10.3,3.1,6,51.2,69.4,shawbury
2017,12,7.9,1,11,83.8,55.2,shawbury
2018,1,8.1,1.8,9,67.4,55.6,shawbury
2018,2,6.2,-0.5,17,28.2,84.2,shawbury
2018,3,8.1,0.8,14,85.2,59.9,shawbury
2018,4,13.3,5.4,1,71,106.9,shawbury
2018,5,18.7,6.9,0,48.4,226.9,shawbury
2018,6,21.5,10.5,0,32.4,246.5,shawbury
2018,7,25.2,12.2,0,21.2,254.5,shawbury
2018,8,21.3,12.2,0,44.4,142.1,shawbury
2018,9,17.6,8.8,0,88,125.4,shawbury
2018,10,14.5,6.1,3,52.6,106.5,shawbury
2018,11,10.9,4.5,4,35.8,50.2,shawbury
2018,12,9.6,3.7,5,71.4,43.2,shawbury
2019,1,6.9,0.7,15,35.2,36.3,shawbury
2019,2,11.3,1.2,11,32.8,104.2,shawbury
2019,3,11.6,3.6,4,53.4,109.6,shawbury
2019,4,13.9,3.9,3,38.4,134,shawbury
2019,5,16,6.1,1,26.8,171.8,shawbury
2019,6,18.2,9.9,0,115.4,111.7,shawbury
2019,7,21.8,12.5,0,39.2,160.6,shawbury
2019,8,21.5,12.9,0,76.4,161.2,shawbury
2019,9,18.5,9.5,0,120.6,136.3,shawbury
2019,10,13.3,5.8,2,116.6,76.1,shawbury
2019,11,8.7,3.5,5,78.8,43.7,shawbury
2019,12,8.4,2.2,8,69,56,shawbury
2020,1,9.2,3.4,4,43.8,47.6,shawbury
2020,2,9.7,2.7,4,119.2,70.5,shawbury
2020,3,10.6,1.6,10,31.8,142.9,shawbury
2020,4,16,4.2,3,24.2,223.6,shawbury
2020,5,18.2,6.3,2,8.4,263.1,shawbury
2020,6,19.9,11.1,0,108.4,136.5,shawbury
2016,1,8,3,3,84.8,40.3,sheffield
2016,2,7.8,2,5,68.6,96.1,sheffield
2016,3,9.1,2.9,2,87.2,98.6,sheffield
2016,4,11.6,3.8,1,65.8,154.9,sheffield
2016,5,16.9,7.9,0,58.2,164.5,sheffield
2016,6,18.8,11.1,0,130.4,106.5,sheffield
2016,7,21.3,13.5,0,30,178,sheffield
2016,8,21,13.2,0,62,194.5,sheffield
2016,9,19.9,12.5,0,44.2,113.5,sheffield
2016,10,13.7,8.1,0,29.2,84,sheffield
2016,11,8.4,3.7,2,95.6,71.9,sheffield
2016,12,9.3,4.1,3,31.8,57.9,sheffield
2017,1,6.7,2.2,8,41.6,53.8,sheffield
2017,2,8.1,3.5,2,58.2,50.4,sheffield
2017,3,12.3,5.5,1,62.6,143,sheffield
2017,4,13.4,5.6,0,15.8,150.3,sheffield
2017,5,17.9,9,0,53.2,180.1,sheffield
2017,6,20.3,12.6,0,89,155.2,sheffield
2017,7,21.2,12.6,0,78.2,152.2,sheffield
2017,8,19.9,12.1,0,68.6,171.5,sheffield
2017,9,17.3,10.3,0,70.4,103.6,sheffield
2017,10,15.2,10,0,46,86.7,sheffield
2017,11,9.7,4.7,0,43.2,72.8,sheffield
2017,12,7.4,2.8,6,70.2,64,sheffield
2018,1,7.2,3,3,124.2,39.1,sheffield
2018,2,5.3,0.6,10,41.2,68.7,sheffield
2018,3,7.5,1.7,7,113.2,61.4,sheffield
2018,4,13.2,6,0,97,96.7,sheffield
2018,5,19.4,8.7,0,36.8,251.4,sheffield
2018,6,21.5,11.7,0,23.2,225.2,sheffield
2018,7,25.4,13.9,0,23.2,NA,sheffield
2018,8,21.8,13.3,0,27.4,136.7,sheffield
2018,9,18,10.2,0,88.6,146.6,sheffield
2018,10,14.3,7.5,1,49,129.3,sheffield
2018,11,10.3,5.7,1,73.6,NA,sheffield
2018,12,8.8,4.4,2,100.8,NA,sheffield
2019,1,6.6,2.8,5,27.4,NA,sheffield
2019,2,11.2,3.2,4,32.2,122.6,sheffield
2019,3,11.5,4.7,0,118.2,132.9,sheffield
2019,4,14.1,4.4,3,16.2,155,sheffield
2019,5,16.1,7.8,0,43.8,181.4,sheffield
2019,6,18.6,10.5,0,130.2,113.3,sheffield
2019,7,22.7,14.1,0,126,NA,sheffield
2019,8,22,13.7,0,37.6,184.1,sheffield
2019,9,18.1,10.5,0,NA,NA,sheffield
2019,10,12.6,6.7,0,135.6,81,sheffield
2019,11,7.9,3.9,4,200,29,sheffield
2019,12,8.2,3.5,3,73,52.8,sheffield
2020,1,9.2,4.2,2,53.8,54.8,sheffield
2020,2,8.9,3,1,224.6,74.5,sheffield
2020,3,10.6,2.8,4,43.6,135.6,sheffield
2020,4,15.6,5.7,1,12.4,199.8,sheffield
2020,5,18.4,7.7,1,5.4,251.9,sheffield
2020,6,19.4,11,0,91,138.2,sheffield
2016,1,7.5,3,5,142.8,19.9,stornoway
2016,2,6.6,1,6,146.2,82.9,stornoway
2016,3,8.8,3.2,2,86,115.5,stornoway
2016,4,9.5,3.4,3,55,143.4,stornoway
2016,5,12.7,6.8,0,63.2,211.7,stornoway
2016,6,14.8,10.1,0,82.6,133,stornoway
2016,7,15.9,10.6,0,142.6,75.7,stornoway
2016,8,16.6,10.8,0,92.2,126.2,stornoway
2016,9,15.4,10.6,0,141.4,93.9,stornoway
2016,10,13.1,7.2,0,38.4,106.6,stornoway
2016,11,8.7,3.2,5,97.6,57,stornoway
2016,12,10.1,5.1,2,111.8,23.8,stornoway
2017,1,8.5,3.9,2,67.6,35.3,stornoway
2017,2,8.4,3.8,4,108.6,75.4,stornoway
2017,3,9.5,3.6,2,116.2,126,stornoway
2017,4,10.3,4.9,0,66.8,101.1,stornoway
2017,5,14.4,8,0,43.8,203.1,stornoway
2017,6,15.1,9.9,0,55.8,114.1,stornoway
2017,7,16.6,10.2,0,74.6,166.4,stornoway
2017,8,16.5,11,0,114.6,122.3,stornoway
2017,9,14.8,9.9,0,111.2,97.3,stornoway
2017,10,12.9,7.8,0,155.2,56.9,stornoway
2017,11,7.8,3.1,0,184.4,42.8,stornoway
2017,12,7.4,2.3,8,138.2,16.7,stornoway
2018,1,6.5,1.6,9,167,32.6,stornoway
2018,2,6.5,0.8,10,79.6,89.2,stornoway
2018,3,7.1,2,6,72.4,125.5,stornoway
2018,4,10.9,4.9,2,69.6,185.5,stornoway
2018,5,13.8,7.2,0,47,203.1,stornoway
2018,6,15.9,9.8,0,38.2,172.9,stornoway
2018,7,17.3,11.4,0,60.6,112.6,stornoway
2018,8,15.8,10.4,0,77.2,76.5,stornoway
2018,9,13.5,8.2,0,189.4,97.4,stornoway
2018,10,11.7,6.3,0,151.4,72.5,stornoway
2018,11,10.7,6,0,79.2,63.6,stornoway
2018,12,8.8,4.1,2,130.2,22.2,stornoway
2019,1,7,1.6,11,121.4,38.6,stornoway
2019,2,9.4,4.1,5,127.2,40.9,stornoway
2019,3,8.8,3.8,1,142,88.6,stornoway
2019,4,12.5,5.8,0,44.2,167.6,stornoway
2019,5,12,5.8,1,61.2,144.9,stornoway
2019,6,14.4,9.2,0,77.8,122.3,stornoway
2019,7,17.6,12.2,0,90,108.1,stornoway
2019,8,16.4,11.7,0,200.4,102.9,stornoway
2019,9,15.5,9.5,0,87.6,106.9,stornoway
2019,10,11.6,6.7,0,123.8,81.5,stornoway
2019,11,8.3,4,4,54.8,38.5,stornoway
2019,12,8.3,3.5,5,136.8,17.5,stornoway
2020,1,8.7,4.1,0,164.4,12.8,stornoway
2020,2,7.4,1.9,6,175.6,48.2,stornoway
2020,3,8.2,2.5,4,131.2,101.3,stornoway
2020,4,11,3.9,2,35.2,214.2,stornoway
2020,5,13.8,6.5,1,83.2,177.1,stornoway
2020,6,15.1,9.7,0,76.6,151.1,stornoway
2016,1,8,4,1,186.2,17.8,tiree
2016,2,7.4,2.5,2,153.6,87.1,tiree
2016,3,8.9,4.4,0,92.4,103.9,tiree
2016,4,9.5,4,0,77.4,199,tiree
2016,5,14.3,7.6,0,60.2,269,tiree
2016,6,16,10.8,0,54.8,196,tiree
2016,7,15.7,11,0,144.8,119.5,tiree
2016,8,16.7,12.1,0,124.4,145,tiree
2016,9,15.8,11.4,0,137.4,75.6,tiree
2016,10,13.4,9,0,37.4,98.4,tiree
2016,11,9.7,4.6,2,117,50.8,tiree
2016,12,10.4,6.1,0,131.4,18,tiree
2017,1,8.6,4.9,1,83.4,21.7,tiree
2017,2,8.6,4.3,2,122.6,70.5,tiree
2017,3,9.9,4.7,0,103.6,163.5,tiree
2017,4,10.6,5.7,0,36.2,156.4,tiree
2017,5,14.6,8,0,55.8,255.6,tiree
2017,6,14.8,10.7,0,79.4,112.1,tiree
2017,7,16.4,10.9,0,115.8,208.4,tiree
2017,8,16.6,11.7,0,182,152.8,tiree
2017,9,15,10.2,0,132.6,124.5,tiree
2017,10,13.6,9.3,0,167,51.3,tiree
2017,11,9.4,4.7,0,129.4,35.7,tiree
2017,12,8.2,3.8,3,128,24.9,tiree
2018,1,7.4,2.9,2,181.6,38.2,tiree
2018,2,6.8,2.4,3,112,86.5,tiree
2018,3,7.3,2,6,68.1,142.5,tiree
2018,4,10.7,5,1,71.4,185,tiree
2018,5,14.2,8.2,0,57.2,236.2,tiree
2018,6,16.3,10.3,0,48.4,203.6,tiree
2018,7,17,12,0,73.2,160.2,tiree
2018,8,16,11.2,0,104.4,141.4,tiree
2018,9,14.2,9.2,0,140,101.3,tiree
2018,10,12.2,7.7,0,152.4,76.4,tiree
2018,11,10.6,6.6,0,123.8,71.1,tiree
2018,12,9.4,5.4,0,108.6,14.7,tiree
2019,1,7.8,4.1,3,75.8,29.9,tiree
2019,2,9.4,5,1,102.6,54.2,tiree
2019,3,NA,NA,NA,NA,NA,tiree
2019,4,11.8,6.2,0,16.8,165.1,tiree
2019,5,12.1,6.4,0,91.2,211.7,tiree
2019,6,15.1,10,0,59.4,225.3,tiree
2019,7,16.9,12.5,0,133.8,151.2,tiree
2019,8,17.2,12.2,0,186.4,157.3,tiree
2019,9,15.4,10.8,0,86,112.8,tiree
2019,10,12.2,7.7,0,134.4,105.1,tiree
2019,11,8.8,4.2,3,82.8,61,tiree
2019,12,9.2,5,0,209.2,31.6,tiree
2020,1,9,5,0,130.8,13.5,tiree
2020,2,7.9,2.8,1,188.6,63,tiree
2020,3,8.5,3.8,0,129.8,132.8,tiree
2020,4,11.5,5.2,0,19,215,tiree
2020,5,13.3,7.6,0,57.2,238.4,tiree
2020,6,15.7,10.4,0,66.8,181.4,tiree
2016,1,9.4,5.2,1,110.4,44.8,valley
2016,2,8.4,3.7,3,81.2,76.2,valley
2016,3,9.4,4,2,56.6,126.8,valley
2016,4,11.1,5.3,0,81,188,valley
2016,5,15.9,9.2,0,46.8,250.8,valley
2016,6,18,12,0,72,205.3,valley
2016,7,18.2,13.3,0,71.6,149.1,valley
2016,8,19.1,13.7,0,61.8,167.7,valley
2016,9,18,13.3,0,94.6,129,valley
2016,10,14.6,8.6,0,25,80,valley
2016,11,10,4.8,4,81.6,77.8,valley
2016,12,10.7,6.1,2,75.8,40.3,valley
2017,1,8.8,4.2,6,38.6,49.8,valley
2017,2,9.2,4.6,3,104,49.2,valley
2017,3,11,6,0,76.8,109.6,valley
2017,4,12,6.8,0,17,117.9,valley
2017,5,17,9.7,0,31.4,250,valley
2017,6,17.6,12.6,0,129.2,155.7,valley
2017,7,18.8,12.8,0,78.8,194.9,valley
2017,8,18.1,13.3,0,60,175.3,valley
2017,9,16.6,11.5,0,86.2,113.1,valley
2017,10,15.2,10.9,0,65.8,60.7,valley
2017,11,10.9,6.5,0,104,48.6,valley
2017,12,9,4.5,2,79.2,34.5,valley
2018,1,8.5,3.5,4,88.6,59.5,valley
2018,2,7.2,1.6,10,62,115.4,valley
2018,3,8.2,2.5,7,94.8,108.3,valley
2018,4,12.3,6.4,0,65,140.6,valley
2018,5,15.8,9.1,0,29,231.6,valley
2018,6,20.2,11.7,0,10.8,291.8,valley
2018,7,21,13.5,0,49,265.3,valley
2018,8,18.6,13.2,0,37.4,131.8,valley
2018,9,16.3,11.4,0,87,131.8,valley
2018,10,13.9,8.6,2,97.6,101.6,valley
2018,11,11.5,6.6,0,139.2,69.1,valley
2018,12,10.3,6.8,1,112.8,19.8,valley
2019,1,8.4,4.4,2,38.2,34.8,valley
2019,2,10.7,5.3,3,50.4,110.2,valley
2019,3,10.3,5.9,0,96,103.5,valley
2019,4,13.7,6.5,0,67.2,138.8,valley
2019,5,14.3,8.1,0,39.2,203.5,valley
2019,6,17.1,11.3,0,60.8,204.6,valley
2019,7,19.5,13.6,0,32.2,181.5,valley
2019,8,19.3,14.1,0,60.8,179.6,valley
2019,9,17.7,11.6,0,86.2,141.5,valley
2019,10,13.6,8.5,0,147.8,95.7,valley
2019,11,9.9,5.1,1,92.8,49.4,valley
2019,12,9.7,5.8,2,60.2,NA,valley
2020,1,9.3,5.1,2,72.8,48,valley
2020,2,9.2,5.1,0,113.4,NA,valley
2020,3,10.2,4.4,0,31,NA,valley
2020,4,14.7,6.9,0,12.8,219.7,valley
2020,5,16.6,8.7,0,7.2,312.3,valley
2020,6,17.9,11.7,0,76.8,137.6,valley
2016,1,7.9,2.1,8,59.6,47.2,waddington
2016,2,8.2,1.7,9,44.8,110.2,waddington
2016,3,9.3,2.2,3,68.8,118.8,waddington
2016,4,11.8,3.4,1,51.6,158.6,waddington
2016,5,16.6,7.8,0,40.8,190.8,waddington
2016,6,18.7,11.2,0,120,106.8,waddington
2016,7,21.7,12.9,0,43.8,170.3,waddington
2016,8,22,13.3,0,46,208.3,waddington
2016,9,20.1,12.4,0,42,130.3,waddington
2016,10,14.2,7.8,0,49.8,104.1,waddington
2016,11,8.6,3.2,4,66,92.9,waddington
2016,12,8.6,2.6,5,19.4,55.7,waddington
2017,1,6.1,1,13,42.6,53.6,waddington
2017,2,8.5,3.3,3,41.6,52.8,waddington
2017,3,12.3,4.9,0,47.8,132.3,waddington
2017,4,13.5,4.8,1,21.2,156.5,waddington
2017,5,17.7,8.9,0,50.2,186.4,waddington
2017,6,20.6,12.8,0,80,157.8,waddington
2017,7,21.3,12.7,0,62.8,168.9,waddington
2017,8,20.4,12.1,0,53.8,179.1,waddington
2017,9,17.6,10.2,0,78.4,107.4,waddington
2017,10,15.5,9.6,0,12.8,79.7,waddington
2017,11,9.6,4.2,2,33.4,80.8,waddington
2017,12,7.2,2,9,58.8,71.6,waddington
2018,1,7.7,2.5,2,54.9,57.1,waddington
2018,2,5.3,-0.4,18,34.6,81.1,waddington
2018,3,8,1.6,10,74.3,77.6,waddington
2018,4,13.3,6.2,0,79.8,98.5,waddington
2018,5,18.5,8.2,0,61,255.8,waddington
2018,6,20.8,11.3,0,34,216.3,waddington
2018,7,25.4,14.1,0,24.6,254.3,waddington
2018,8,22.3,13.5,0,53,179.4,waddington
2018,9,18.3,10,0,26.2,133.2,waddington
2018,10,14.9,7.3,1,48.6,139.2,waddington
2018,11,10.8,4.7,0,31.2,71,waddington
2018,12,8.9,3.9,3,71.2,53.7,waddington
2019,1,6.6,1.5,9,19.6,57.1,waddington
2019,2,11,2.2,6,20.2,130.2,waddington
2019,3,11.8,4.5,0,50,139.3,waddington
2019,4,13.9,3.7,2,27,180.8,waddington
2019,5,16.1,7.1,0,45.6,193.1,waddington
2019,6,18.8,10.5,0,140.8,140.7,waddington
2019,7,22.6,14,0,66.4,175.1,waddington
2019,8,22.6,13.5,0,65.2,202.8,waddington
2019,9,18.8,10.6,0,104.2,162.8,waddington
2019,10,13.1,6.8,0,99.8,89.2,waddington
2019,11,8.6,4.1,2,107.4,52.2,waddington
2019,12,8.1,3.1,2,54.2,70.6,waddington
2020,1,9.2,3.9,1,27.8,61,waddington
2020,2,9.7,3.1,1,99.4,85.3,waddington
2020,3,10.6,2.6,6,17.6,156.6,waddington
2020,4,15.7,5.7,0,13.2,230.1,waddington
2020,5,18.4,7.7,0,11,284.6,waddington
2020,6,19.8,10.9,0,62,172.3,waddington
2016,1,7.9,2.9,3,166.6,38.1,whitby
2016,2,7.8,1.5,7,41.6,117,whitby
2016,3,9.3,2.6,3,90.1,110.3,whitby
2016,4,10.8,3.7,1,63.8,171.3,whitby
2016,5,14.3,7,0,41.9,171,whitby
2016,6,16.3,9.8,0,63.5,141.1,whitby
2016,7,21.2,12.8,0,31.3,216,whitby
2016,8,20.5,12.6,0,66.4,232,whitby
2016,9,19.4,12.1,0,25.2,134.3,whitby
2016,10,13.6,8.5,0,35.7,114.2,whitby
2016,11,8.7,3.1,5,82.7,71.7,whitby
2016,12,9.3,3.8,3,27.7,58.3,whitby
2017,1,6.9,2,8,30.3,65.8,whitby
2017,2,8.9,3.7,2,34.7,73.2,whitby
2017,3,12.1,4.6,3,28.8,151.2,whitby
2017,4,13.2,5.1,0,21.3,204.8,whitby
2017,5,16.6,8.9,0,29.2,213,whitby
2017,6,19.8,11.5,0,135.3,201.6,whitby
2017,7,19.8,11.8,0,61.6,208.9,whitby
2017,8,20,11.5,0,55.6,200.1,whitby
2017,9,NA,10.4,0,79.9,137.5,whitby
2017,10,NA,9.7,0,43.2,110.6,whitby
2017,11,NA,4,2,74.3,85.4,whitby
2017,12,7.8,2.4,8,36.9,68.7,whitby
2018,1,7.1,2.5,4,49.6,67.4,whitby
2018,2,5.4,0.8,10,48.4,75.1,whitby
2018,3,7.4,1.5,9,110.8,90.1,whitby
2018,4,13.4,5.8,0,77.1,153.7,whitby
2018,5,17,7.8,0,30.1,249.2,whitby
2018,6,18,10.3,0,9.9,219.1,whitby
2018,7,22.3,13.3,0,34.1,235.1,whitby
2018,8,21.2,12.3,0,20.8,184.6,whitby
2018,9,18.1,9.6,0,49.8,178,whitby
2018,10,14.8,7.3,0,57.9,136.8,whitby
2018,11,10.9,6.2,1,74.7,82.3,whitby
2018,12,8.7,3.5,5,55.6,62.1,whitby
2019,1,7.2,2.1,10,34.5,69.1,whitby
2019,2,11.4,3.1,4,28.9,130.2,whitby
2019,3,12.3,4.3,0,53.3,168.4,whitby
2019,4,12,4.2,2,19.5,211.6,whitby
2019,5,14.9,7.1,0,25.7,201.5,whitby
2019,6,17.8,10.2,0,97.3,168.5,whitby
2019,7,21.9,13.4,0,36,215.5,whitby
2019,8,21.7,13.1,0,35.6,189.9,whitby
2019,9,18.3,10.1,0,54.8,176.8,whitby
2019,10,12.5,6.5,0,112.6,83.3,whitby
2019,11,9,4.7,4,92.1,41.5,whitby
2019,12,8.3,3.2,2,50.6,59.4,whitby
2020,1,9.3,3.5,1,27,89.6,whitby
2020,2,9,2.8,4,97.5,104.8,whitby
2020,3,10.6,2.6,4,14.3,167.9,whitby
2020,4,13.8,4.9,1,2.3,215.4,whitby
2020,5,17.2,7,2,9.6,269.1,whitby
2020,6,17.8,10.3,0,102.2,177.6,whitby
2016,1,6.4,1.6,10,141.6,NA,wickairport
2016,2,6.1,0.4,9,75.6,NA,wickairport
2016,3,8.4,2.6,7,34.2,NA,wickairport
2016,4,8.8,2.8,6,64,NA,wickairport
2016,5,12.1,6.3,0,35.4,NA,wickairport
2016,6,13.7,8.9,0,39.4,NA,wickairport
2016,7,16.7,10.3,0,112.1,NA,wickairport
2016,8,16.2,10.6,0,NA,NA,wickairport
2016,9,15.9,10.8,0,NA,NA,wickairport
2016,10,12.5,7.7,0,48.6,NA,wickairport
2016,11,7.9,2.2,5,52.6,NA,wickairport
2016,12,9.6,4.1,2,59,NA,wickairport
2017,1,7.4,2.4,6,96.4,NA,wickairport
2017,2,7.8,2.8,6,56.9,NA,wickairport
2017,3,9.2,3.2,3,63.6,NA,wickairport
2017,4,10.3,3.9,2,39.8,NA,wickairport
2017,5,13.7,7.4,0,25.8,NA,wickairport
2017,6,15.2,9.6,0,128.6,NA,wickairport
2017,7,16.2,9.7,0,72.8,NA,wickairport
2017,8,16.3,10.4,0,80,NA,wickairport
2017,9,14.5,9.9,0,87.6,NA,wickairport
2017,10,13.1,7.9,0,87.6,NA,wickairport
2017,11,7.4,2.5,1,139,NA,wickairport
2017,12,6.7,1.6,11,71.6,NA,wickairport
2018,1,5.5,1,12,56.4,NA,wickairport
2018,2,5.5,0.5,9,34.1,NA,wickairport
2018,3,6.1,1.3,6,67,NA,wickairport
2018,4,10.2,3.8,4,39.2,NA,wickairport
2018,5,13.6,6.8,0,32.8,NA,wickairport
2018,6,15.3,8.8,0,17.8,NA,wickairport
2018,7,NA,NA,NA,57.6,NA,wickairport
2018,8,16.6,10.1,0,52.7,NA,wickairport
2018,9,14.5,8,0,86.6,NA,wickairport
2018,10,11.9,6.2,1,94.8,NA,wickairport
2018,11,10.1,6.3,0,53,NA,wickairport
2018,12,7.7,3.4,5,36.3,NA,wickairport
2019,1,6.1,1.3,11,62.6,NA,wickairport
2019,2,9.1,3.3,5,44.4,NA,wickairport
2019,3,9.1,3.3,4,64.2,NA,wickairport
2019,4,10.2,5.8,1,32.8,NA,wickairport
2019,5,11.3,4.6,4,51.4,NA,wickairport
2019,6,14.7,8.9,0,63.6,NA,wickairport
2019,7,17,11.3,0,62.6,NA,wickairport
2019,8,16.8,11.2,0,92.4,NA,wickairport
2019,9,14.6,8.8,0,52.4,NA,wickairport
2019,10,11.4,5.8,1,69.2,NA,wickairport
2019,11,7.5,3.8,5,115.2,NA,wickairport
2019,12,7.4,2.6,7,52.8,NA,wickairport
2020,1,8.2,3,3,43.8,NA,wickairport
2020,2,6.8,1.4,5,73.6,NA,wickairport
2020,3,8.2,2,6,21.8,NA,wickairport
2020,4,10.3,3.8,4,14.4,NA,wickairport
2020,5,12.8,5.5,2,46.4,NA,wickairport
2020,6,14.4,9.3,0,47.6,NA,wickairport
2016,1,10,2.5,9,84.4,76.3,yeovilton
2016,2,9.4,2,11,80.4,NA,yeovilton
2016,3,10.4,1.4,13,77,49.4,yeovilton
2016,4,12.8,3.4,6,45.2,162.9,yeovilton
2016,5,17.9,7.8,1,61,202.5,yeovilton
2016,6,19.4,11.7,0,111,94.8,yeovilton
2016,7,21.8,12.8,0,4.4,158,yeovilton
2016,8,22.8,12.5,0,35.2,209.7,yeovilton
2016,9,20.4,12.1,0,47.6,117.8,yeovilton
2016,10,15.2,6,1,35.6,116.3,yeovilton
2016,11,10.4,2.6,7,91.4,78.3,yeovilton
2016,12,10,2.7,11,17.2,42.3,yeovilton
2017,1,8.5,0.7,14,58.8,87.6,yeovilton
2017,2,9.9,3.8,7,42.6,52.5,yeovilton
2017,3,13.1,5.4,1,62,98.6,yeovilton
2017,4,14.6,3.8,2,12.2,175,yeovilton
2017,5,18.2,8.8,0,64.4,178.7,yeovilton
2017,6,21.2,11.7,0,60.6,173.8,yeovilton
2017,7,21.7,13.1,0,68,156.2,yeovilton
2017,8,20.7,11.6,0,41.8,NA,yeovilton
2017,9,18,10.1,0,52.8,105.8,yeovilton
2017,10,16.5,9.6,1,35,90.1,yeovilton
2017,11,11.4,3,7,67.8,79.2,yeovilton
2017,12,9.8,2.2,12,81.4,58.2,yeovilton
2018,1,10.2,2.8,6,69.2,55.1,yeovilton
2018,2,7.3,-0.1,15,28.4,129.3,yeovilton
2018,3,9.3,2.1,9,121.4,82.6,yeovilton
2018,4,14.2,7.2,0,58.4,99.1,yeovilton
2018,5,19,7.4,0,45.4,221.6,yeovilton
2018,6,22.8,11.6,0,5.6,248.3,yeovilton
2018,7,25.9,13.5,0,13.8,242.3,yeovilton
2018,8,22.6,12.8,0,53.8,138.5,yeovilton
2018,9,19.6,9.4,0,36.4,149,yeovilton
2018,10,15.4,6.2,4,51.8,132.8,yeovilton
2018,11,12.1,5.3,4,102.6,73.8,yeovilton
2018,12,11,5.3,2,94.2,27.2,yeovilton
2019,1,7.8,1,14,33.8,53.2,yeovilton
2019,2,11.8,1.9,10,47.2,111.4,yeovilton
2019,3,12.3,4.8,2,66,110,yeovilton
2019,4,14.8,4.7,2,49.4,155.2,yeovilton
2019,5,17.3,6.1,2,17.6,197.3,yeovilton
2019,6,19.4,10.4,0,69.2,141.6,yeovilton
2019,7,24,12.6,0,14.8,221.1,yeovilton
2019,8,22.6,12.4,0,38.4,176.6,yeovilton
2019,9,19.9,11,0,83.8,155.3,yeovilton
2019,10,14.9,7.6,1,112.4,69,yeovilton
2019,11,10.4,4.3,4,87,45.9,yeovilton
2019,12,10.3,3.2,7,139.4,56.7,yeovilton
2020,1,9.6,4.1,5,55.8,44,yeovilton
2020,2,10.8,4.5,2,117.4,63.1,yeovilton
2020,3,11.5,3,6,43.4,159.2,yeovilton
2020,4,17.5,5.3,3,39.8,235,yeovilton
2020,5,19.7,6.8,2,3.6,305.6,yeovilton
2020,6,20.5,11,0,103,187.6,yeovilton
